,id,Y
0,0,7.0
1,1,4.0
2,2,7.0
3,3,5.0
4,4,3.0
5,5,4.0
6,6,2.0
7,7,7.0
8,8,9.0
9,9,4.0
10,10,0.0
11,11,4.0
12,12,0.0
13,13,2.0
14,14,1.0
15,15,9.0
16,16,0.0
17,17,7.0
18,18,3.0
19,19,1.0
20,20,3.0
21,21,8.0
22,22,6.0
23,23,1.0
24,24,1.0
25,25,8.0
26,26,3.0
27,27,1.0
28,28,0.0
29,29,0.0
30,30,3.0
31,31,0.0
32,32,2.0
33,33,0.0
34,34,0.0
35,35,4.0
36,36,1.0
37,37,3.0
38,38,3.0
39,39,3.0
40,40,8.0
41,41,2.0
42,42,0.0
43,43,7.0
44,44,6.0
45,45,4.0
46,46,7.0
47,47,9.0
48,48,4.0
49,49,2.0
50,50,1.0
51,51,4.0
52,52,0.0
53,53,2.0
54,54,3.0
55,55,2.0
56,56,0.0
57,57,4.0
58,58,3.0
59,59,4.0
60,60,7.0
61,61,0.0
62,62,2.0
63,63,0.0
64,64,0.0
65,65,3.0
66,66,2.0
67,67,1.0
68,68,1.0
69,69,8.0
70,70,9.0
71,71,9.0
72,72,2.0
73,73,9.0
74,74,1.0
75,75,8.0
76,76,8.0
77,77,4.0
78,78,4.0
79,79,8.0
80,80,3.0
81,81,3.0
82,82,9.0
83,83,4.0
84,84,5.0
85,85,8.0
86,86,2.0
87,87,8.0
88,88,6.0
89,89,2.0
90,90,4.0
91,91,9.0
92,92,8.0
93,93,4.0
94,94,9.0
95,95,9.0
96,96,3.0
97,97,8.0
98,98,7.0
99,99,8.0
100,100,4.0
101,101,0.0
102,102,7.0
103,103,9.0
104,104,7.0
105,105,8.0
106,106,7.0
107,107,4.0
108,108,6.0
109,109,6.0
110,110,7.0
111,111,0.0
112,112,8.0
113,113,1.0
114,114,3.0
115,115,2.0
116,116,7.0
117,117,8.0
118,118,7.0
119,119,1.0
120,120,3.0
121,121,5.0
122,122,2.0
123,123,2.0
124,124,1.0
125,125,1.0
126,126,6.0
127,127,2.0
128,128,0.0
129,129,0.0
130,130,1.0
131,131,2.0
132,132,9.0
133,133,1.0
134,134,3.0
135,135,6.0
136,136,3.0
137,137,5.0
138,138,5.0
139,139,3.0
140,140,7.0
141,141,2.0
142,142,3.0
143,143,6.0
144,144,7.0
145,145,3.0
146,146,4.0
147,147,8.0
148,148,3.0
149,149,8.0
150,150,0.0
151,151,9.0
152,152,0.0
153,153,2.0
154,154,8.0
155,155,3.0
156,156,8.0
157,157,1.0
158,158,8.0
159,159,7.0
160,160,1.0
161,161,7.0
162,162,2.0
163,163,8.0
164,164,7.0
165,165,4.0
166,166,1.0
167,167,2.0
168,168,3.0
169,169,3.0
170,170,2.0
171,171,9.0
172,172,3.0
173,173,9.0
174,174,4.0
175,175,9.0
176,176,4.0
177,177,8.0
178,178,4.0
179,179,9.0
180,180,4.0
181,181,9.0
182,182,1.0
183,183,7.0
184,184,8.0
185,185,8.0
186,186,0.0
187,187,9.0
188,188,2.0
189,189,8.0
190,190,9.0
191,191,7.0
192,192,7.0
193,193,3.0
194,194,6.0
195,195,7.0
196,196,4.0
197,197,0.0
198,198,7.0
199,199,3.0
200,200,4.0
201,201,3.0
202,202,9.0
203,203,7.0
204,204,2.0
205,205,1.0
206,206,0.0
207,207,3.0
208,208,4.0
209,209,9.0
210,210,0.0
211,211,3.0
212,212,9.0
213,213,3.0
214,214,2.0
215,215,3.0
216,216,7.0
217,217,3.0
218,218,9.0
219,219,7.0
220,220,7.0
221,221,7.0
222,222,4.0
223,223,3.0
224,224,3.0
225,225,1.0
226,226,6.0
227,227,1.0
228,228,7.0
229,229,8.0
230,230,1.0
231,231,9.0
232,232,8.0
233,233,6.0
234,234,4.0
235,235,1.0
236,236,1.0
237,237,1.0
238,238,1.0
239,239,8.0
240,240,9.0
241,241,9.0
242,242,7.0
243,243,8.0
244,244,0.0
245,245,9.0
246,246,1.0
247,247,1.0
248,248,6.0
249,249,3.0
250,250,2.0
251,251,9.0
252,252,5.0
253,253,9.0
254,254,4.0
255,255,2.0
256,256,2.0
257,257,5.0
258,258,9.0
259,259,4.0
260,260,7.0
261,261,4.0
262,262,9.0
263,263,1.0
264,264,0.0
265,265,9.0
266,266,1.0
267,267,6.0
268,268,0.0
269,269,8.0
270,270,7.0
271,271,5.0
272,272,8.0
273,273,2.0
274,274,3.0
275,275,2.0
276,276,4.0
277,277,3.0
278,278,7.0
279,279,4.0
280,280,1.0
281,281,2.0
282,282,0.0
283,283,8.0
284,284,7.0
285,285,7.0
286,286,7.0
287,287,2.0
288,288,2.0
289,289,3.0
290,290,3.0
291,291,4.0
292,292,3.0
293,293,4.0
294,294,7.0
295,295,6.0
296,296,4.0
297,297,8.0
298,298,6.0
299,299,0.0
300,300,3.0
301,301,8.0
302,302,4.0
303,303,4.0
304,304,7.0
305,305,9.0
306,306,3.0
307,307,7.0
308,308,2.0
309,309,4.0
310,310,5.0
311,311,8.0
312,312,6.0
313,313,9.0
314,314,1.0
315,315,0.0
316,316,8.0
317,317,3.0
318,318,5.0
319,319,0.0
320,320,4.0
321,321,1.0
322,322,8.0
323,323,6.0
324,324,3.0
325,325,0.0
326,326,0.0
327,327,5.0
328,328,8.0
329,329,7.0
330,330,3.0
331,331,8.0
332,332,0.0
333,333,2.0
334,334,3.0
335,335,3.0
336,336,3.0
337,337,6.0
338,338,4.0
339,339,3.0
340,340,7.0
341,341,8.0
342,342,2.0
343,343,4.0
344,344,4.0
345,345,7.0
346,346,9.0
347,347,2.0
348,348,8.0
349,349,6.0
350,350,7.0
351,351,7.0
352,352,1.0
353,353,8.0
354,354,1.0
355,355,1.0
356,356,4.0
357,357,1.0
358,358,2.0
359,359,3.0
360,360,9.0
361,361,4.0
362,362,1.0
363,363,1.0
364,364,2.0
365,365,1.0
366,366,3.0
367,367,3.0
368,368,4.0
369,369,1.0
370,370,5.0
371,371,2.0
372,372,3.0
373,373,1.0
374,374,4.0
375,375,0.0
376,376,3.0
377,377,4.0
378,378,8.0
379,379,7.0
380,380,7.0
381,381,3.0
382,382,7.0
383,383,3.0
384,384,0.0
385,385,2.0
386,386,3.0
387,387,0.0
388,388,4.0
389,389,9.0
390,390,5.0
391,391,9.0
392,392,9.0
393,393,0.0
394,394,2.0
395,395,7.0
396,396,4.0
397,397,3.0
398,398,9.0
399,399,3.0
400,400,3.0
401,401,0.0
402,402,3.0
403,403,2.0
404,404,2.0
405,405,8.0
406,406,7.0
407,407,8.0
408,408,3.0
409,409,8.0
410,410,6.0
411,411,3.0
412,412,8.0
413,413,1.0
414,414,9.0
415,415,1.0
416,416,3.0
417,417,5.0
418,418,8.0
419,419,9.0
420,420,9.0
421,421,1.0
422,422,4.0
423,423,4.0
424,424,4.0
425,425,1.0
426,426,1.0
427,427,3.0
428,428,7.0
429,429,1.0
430,430,7.0
431,431,8.0
432,432,8.0
433,433,3.0
434,434,4.0
435,435,8.0
436,436,8.0
437,437,2.0
438,438,3.0
439,439,1.0
440,440,1.0
441,441,4.0
442,442,4.0
443,443,4.0
444,444,9.0
445,445,9.0
446,446,1.0
447,447,9.0
448,448,3.0
449,449,2.0
450,450,5.0
451,451,4.0
452,452,3.0
453,453,8.0
454,454,0.0
455,455,1.0
456,456,6.0
457,457,9.0
458,458,4.0
459,459,1.0
460,460,7.0
461,461,8.0
462,462,6.0
463,463,5.0
464,464,0.0
465,465,1.0
466,466,3.0
467,467,8.0
468,468,3.0
469,469,9.0
470,470,3.0
471,471,9.0
472,472,0.0
473,473,4.0
474,474,2.0
475,475,9.0
476,476,3.0
477,477,1.0
478,478,7.0
479,479,0.0
480,480,0.0
481,481,0.0
482,482,4.0
483,483,3.0
484,484,8.0
485,485,8.0
486,486,3.0
487,487,1.0
488,488,7.0
489,489,1.0
490,490,9.0
491,491,1.0
492,492,1.0
493,493,4.0
494,494,4.0
495,495,1.0
496,496,8.0
497,497,6.0
498,498,8.0
499,499,8.0
500,500,0.0
501,501,4.0
502,502,8.0
503,503,7.0
504,504,8.0
505,505,2.0
506,506,8.0
507,507,1.0
508,508,0.0
509,509,8.0
510,510,2.0
511,511,0.0
512,512,2.0
513,513,2.0
514,514,0.0
515,515,7.0
516,516,4.0
517,517,1.0
518,518,3.0
519,519,0.0
520,520,2.0
521,521,3.0
522,522,4.0
523,523,3.0
524,524,7.0
525,525,3.0
526,526,0.0
527,527,1.0
528,528,3.0
529,529,0.0
530,530,3.0
531,531,0.0
532,532,0.0
533,533,7.0
534,534,0.0
535,535,8.0
536,536,8.0
537,537,1.0
538,538,6.0
539,539,7.0
540,540,3.0
541,541,4.0
542,542,7.0
543,543,8.0
544,544,3.0
545,545,3.0
546,546,9.0
547,547,9.0
548,548,2.0
549,549,3.0
550,550,9.0
551,551,2.0
552,552,4.0
553,553,1.0
554,554,4.0
555,555,4.0
556,556,9.0
557,557,3.0
558,558,8.0
559,559,9.0
560,560,6.0
561,561,9.0
562,562,2.0
563,563,7.0
564,564,6.0
565,565,4.0
566,566,1.0
567,567,4.0
568,568,5.0
569,569,5.0
570,570,1.0
571,571,5.0
572,572,9.0
573,573,8.0
574,574,3.0
575,575,7.0
576,576,8.0
577,577,5.0
578,578,9.0
579,579,3.0
580,580,0.0
581,581,9.0
582,582,1.0
583,583,6.0
584,584,7.0
585,585,3.0
586,586,2.0
587,587,2.0
588,588,5.0
589,589,8.0
590,590,1.0
591,591,2.0
592,592,3.0
593,593,3.0
594,594,0.0
595,595,8.0
596,596,2.0
597,597,2.0
598,598,3.0
599,599,3.0
600,600,7.0
601,601,7.0
602,602,3.0
603,603,7.0
604,604,8.0
605,605,2.0
606,606,0.0
607,607,9.0
608,608,6.0
609,609,3.0
610,610,7.0
611,611,2.0
612,612,0.0
613,613,7.0
614,614,8.0
615,615,2.0
616,616,9.0
617,617,5.0
618,618,0.0
619,619,4.0
620,620,2.0
621,621,6.0
622,622,5.0
623,623,0.0
624,624,3.0
625,625,9.0
626,626,5.0
627,627,2.0
628,628,5.0
629,629,3.0
630,630,7.0
631,631,4.0
632,632,5.0
633,633,5.0
634,634,4.0
635,635,4.0
636,636,0.0
637,637,9.0
638,638,9.0
639,639,1.0
640,640,8.0
641,641,2.0
642,642,8.0
643,643,1.0
644,644,1.0
645,645,3.0
646,646,4.0
647,647,1.0
648,648,4.0
649,649,9.0
650,650,9.0
651,651,0.0
652,652,6.0
653,653,1.0
654,654,1.0
655,655,1.0
656,656,3.0
657,657,4.0
658,658,5.0
659,659,9.0
660,660,4.0
661,661,1.0
662,662,1.0
663,663,4.0
664,664,9.0
665,665,2.0
666,666,8.0
667,667,2.0
668,668,0.0
669,669,4.0
670,670,0.0
671,671,3.0
672,672,1.0
673,673,4.0
674,674,8.0
675,675,7.0
676,676,7.0
677,677,7.0
678,678,8.0
679,679,3.0
680,680,0.0
681,681,7.0
682,682,3.0
683,683,8.0
684,684,1.0
685,685,9.0
686,686,4.0
687,687,2.0
688,688,0.0
689,689,7.0
690,690,1.0
691,691,0.0
692,692,9.0
693,693,3.0
694,694,3.0
695,695,5.0
696,696,1.0
697,697,7.0
698,698,0.0
699,699,2.0
700,700,3.0
701,701,2.0
702,702,3.0
703,703,2.0
704,704,2.0
705,705,1.0
706,706,7.0
707,707,1.0
708,708,1.0
709,709,4.0
710,710,6.0
711,711,1.0
712,712,9.0
713,713,8.0
714,714,7.0
715,715,9.0
716,716,6.0
717,717,4.0
718,718,0.0
719,719,0.0
720,720,9.0
721,721,1.0
722,722,1.0
723,723,1.0
724,724,2.0
725,725,6.0
726,726,5.0
727,727,0.0
728,728,1.0
729,729,2.0
730,730,8.0
731,731,4.0
732,732,3.0
733,733,7.0
734,734,5.0
735,735,3.0
736,736,7.0
737,737,2.0
738,738,8.0
739,739,4.0
740,740,7.0
741,741,3.0
742,742,9.0
743,743,7.0
744,744,1.0
745,745,1.0
746,746,9.0
747,747,9.0
748,748,1.0
749,749,7.0
750,750,0.0
751,751,4.0
752,752,0.0
753,753,9.0
754,754,8.0
755,755,6.0
756,756,7.0
757,757,7.0
758,758,3.0
759,759,0.0
760,760,8.0
761,761,8.0
762,762,0.0
763,763,0.0
764,764,4.0
765,765,2.0
766,766,7.0
767,767,4.0
768,768,2.0
769,769,0.0
770,770,3.0
771,771,2.0
772,772,3.0
773,773,2.0
774,774,0.0
775,775,3.0
776,776,4.0
777,777,3.0
778,778,9.0
779,779,4.0
780,780,2.0
781,781,9.0
782,782,8.0
783,783,8.0
784,784,8.0
785,785,9.0
786,786,3.0
787,787,3.0
788,788,1.0
789,789,0.0
790,790,6.0
791,791,3.0
792,792,9.0
793,793,1.0
794,794,0.0
795,795,4.0
796,796,4.0
797,797,7.0
798,798,3.0
799,799,4.0
800,800,6.0
801,801,4.0
802,802,4.0
803,803,2.0
804,804,2.0
805,805,1.0
806,806,3.0
807,807,0.0
808,808,4.0
809,809,3.0
810,810,8.0
811,811,6.0
812,812,4.0
813,813,8.0
814,814,7.0
815,815,2.0
816,816,0.0
817,817,2.0
818,818,8.0
819,819,4.0
820,820,8.0
821,821,4.0
822,822,3.0
823,823,2.0
824,824,0.0
825,825,2.0
826,826,7.0
827,827,1.0
828,828,8.0
829,829,4.0
830,830,3.0
831,831,1.0
832,832,7.0
833,833,1.0
834,834,7.0
835,835,1.0
836,836,3.0
837,837,2.0
838,838,7.0
839,839,0.0
840,840,8.0
841,841,4.0
842,842,4.0
843,843,3.0
844,844,1.0
845,845,8.0
846,846,5.0
847,847,8.0
848,848,9.0
849,849,1.0
850,850,1.0
851,851,1.0
852,852,3.0
853,853,8.0
854,854,7.0
855,855,3.0
856,856,7.0
857,857,0.0
858,858,0.0
859,859,8.0
860,860,8.0
861,861,3.0
862,862,0.0
863,863,3.0
864,864,1.0
865,865,1.0
866,866,3.0
867,867,7.0
868,868,7.0
869,869,7.0
870,870,7.0
871,871,9.0
872,872,0.0
873,873,5.0
874,874,0.0
875,875,1.0
876,876,8.0
877,877,8.0
878,878,7.0
879,879,8.0
880,880,7.0
881,881,1.0
882,882,1.0
883,883,0.0
884,884,3.0
885,885,1.0
886,886,3.0
887,887,1.0
888,888,2.0
889,889,0.0
890,890,2.0
891,891,8.0
892,892,1.0
893,893,9.0
894,894,7.0
895,895,9.0
896,896,9.0
897,897,3.0
898,898,0.0
899,899,0.0
900,900,4.0
901,901,1.0
902,902,2.0
903,903,1.0
904,904,2.0
905,905,0.0
906,906,7.0
907,907,1.0
908,908,8.0
909,909,1.0
910,910,3.0
911,911,4.0
912,912,8.0
913,913,1.0
914,914,8.0
915,915,2.0
916,916,3.0
917,917,9.0
918,918,4.0
919,919,5.0
920,920,7.0
921,921,9.0
922,922,7.0
923,923,1.0
924,924,0.0
925,925,0.0
926,926,2.0
927,927,2.0
928,928,8.0
929,929,2.0
930,930,4.0
931,931,7.0
932,932,1.0
933,933,3.0
934,934,7.0
935,935,0.0
936,936,7.0
937,937,0.0
938,938,2.0
939,939,0.0
940,940,9.0
941,941,5.0
942,942,3.0
943,943,1.0
944,944,1.0
945,945,8.0
946,946,1.0
947,947,6.0
948,948,4.0
949,949,2.0
950,950,3.0
951,951,2.0
952,952,9.0
953,953,3.0
954,954,3.0
955,955,6.0
956,956,3.0
957,957,4.0
958,958,4.0
959,959,3.0
960,960,1.0
961,961,6.0
962,962,3.0
963,963,3.0
964,964,0.0
965,965,2.0
966,966,3.0
967,967,4.0
968,968,8.0
969,969,9.0
970,970,3.0
971,971,7.0
972,972,0.0
973,973,8.0
974,974,0.0
975,975,6.0
976,976,7.0
977,977,2.0
978,978,1.0
979,979,0.0
980,980,9.0
981,981,9.0
982,982,7.0
983,983,5.0
984,984,6.0
985,985,0.0
986,986,7.0
987,987,0.0
988,988,8.0
989,989,2.0
990,990,9.0
991,991,7.0
992,992,4.0
993,993,2.0
994,994,4.0
995,995,6.0
996,996,4.0
997,997,8.0
998,998,1.0
999,999,7.0
1000,1000,7.0
1001,1001,8.0
1002,1002,9.0
1003,1003,0.0
1004,1004,0.0
1005,1005,3.0
1006,1006,9.0
1007,1007,5.0
1008,1008,9.0
1009,1009,0.0
1010,1010,6.0
1011,1011,4.0
1012,1012,4.0
1013,1013,2.0
1014,1014,4.0
1015,1015,3.0
1016,1016,7.0
1017,1017,4.0
1018,1018,6.0
1019,1019,4.0
1020,1020,1.0
1021,1021,4.0
1022,1022,3.0
1023,1023,6.0
1024,1024,4.0
1025,1025,3.0
1026,1026,5.0
1027,1027,2.0
1028,1028,7.0
1029,1029,5.0
1030,1030,1.0
1031,1031,2.0
1032,1032,2.0
1033,1033,8.0
1034,1034,2.0
1035,1035,1.0
1036,1036,9.0
1037,1037,7.0
1038,1038,8.0
1039,1039,8.0
1040,1040,7.0
1041,1041,2.0
1042,1042,2.0
1043,1043,7.0
1044,1044,3.0
1045,1045,1.0
1046,1046,1.0
1047,1047,3.0
1048,1048,4.0
1049,1049,8.0
1050,1050,7.0
1051,1051,8.0
1052,1052,2.0
1053,1053,4.0
1054,1054,4.0
1055,1055,9.0
1056,1056,7.0
1057,1057,3.0
1058,1058,3.0
1059,1059,8.0
1060,1060,9.0
1061,1061,3.0
1062,1062,2.0
1063,1063,1.0
1064,1064,2.0
1065,1065,7.0
1066,1066,7.0
1067,1067,2.0
1068,1068,0.0
1069,1069,0.0
1070,1070,3.0
1071,1071,1.0
1072,1072,1.0
1073,1073,8.0
1074,1074,9.0
1075,1075,9.0
1076,1076,0.0
1077,1077,4.0
1078,1078,3.0
1079,1079,7.0
1080,1080,3.0
1081,1081,8.0
1082,1082,0.0
1083,1083,7.0
1084,1084,7.0
1085,1085,4.0
1086,1086,3.0
1087,1087,6.0
1088,1088,4.0
1089,1089,3.0
1090,1090,8.0
1091,1091,3.0
1092,1092,3.0
1093,1093,8.0
1094,1094,5.0
1095,1095,5.0
1096,1096,1.0
1097,1097,8.0
1098,1098,7.0
1099,1099,6.0
1100,1100,7.0
1101,1101,2.0
1102,1102,2.0
1103,1103,1.0
1104,1104,1.0
1105,1105,4.0
1106,1106,9.0
1107,1107,2.0
1108,1108,0.0
1109,1109,3.0
1110,1110,7.0
1111,1111,9.0
1112,1112,7.0
1113,1113,5.0
1114,1114,5.0
1115,1115,8.0
1116,1116,5.0
1117,1117,3.0
1118,1118,9.0
1119,1119,8.0
1120,1120,0.0
1121,1121,3.0
1122,1122,5.0
1123,1123,9.0
1124,1124,3.0
1125,1125,7.0
1126,1126,6.0
1127,1127,3.0
1128,1128,2.0
1129,1129,8.0
1130,1130,5.0
1131,1131,1.0
1132,1132,7.0
1133,1133,8.0
1134,1134,1.0
1135,1135,8.0
1136,1136,4.0
1137,1137,3.0
1138,1138,2.0
1139,1139,6.0
1140,1140,8.0
1141,1141,9.0
1142,1142,8.0
1143,1143,1.0
1144,1144,5.0
1145,1145,8.0
1146,1146,9.0
1147,1147,4.0
1148,1148,1.0
1149,1149,8.0
1150,1150,7.0
1151,1151,1.0
1152,1152,3.0
1153,1153,8.0
1154,1154,0.0
1155,1155,1.0
1156,1156,2.0
1157,1157,1.0
1158,1158,8.0
1159,1159,0.0
1160,1160,8.0
1161,1161,9.0
1162,1162,7.0
1163,1163,1.0
1164,1164,4.0
1165,1165,3.0
1166,1166,3.0
1167,1167,3.0
1168,1168,5.0
1169,1169,8.0
1170,1170,9.0
1171,1171,8.0
1172,1172,8.0
1173,1173,9.0
1174,1174,4.0
1175,1175,2.0
1176,1176,9.0
1177,1177,9.0
1178,1178,3.0
1179,1179,9.0
1180,1180,3.0
1181,1181,7.0
1182,1182,0.0
1183,1183,9.0
1184,1184,3.0
1185,1185,9.0
1186,1186,6.0
1187,1187,9.0
1188,1188,3.0
1189,1189,2.0
1190,1190,2.0
1191,1191,3.0
1192,1192,1.0
1193,1193,4.0
1194,1194,9.0
1195,1195,2.0
1196,1196,8.0
1197,1197,2.0
1198,1198,2.0
1199,1199,4.0
1200,1200,3.0
1201,1201,8.0
1202,1202,9.0
1203,1203,0.0
1204,1204,0.0
1205,1205,3.0
1206,1206,0.0
1207,1207,5.0
1208,1208,0.0
1209,1209,9.0
1210,1210,2.0
1211,1211,9.0
1212,1212,7.0
1213,1213,4.0
1214,1214,8.0
1215,1215,6.0
1216,1216,3.0
1217,1217,1.0
1218,1218,8.0
1219,1219,7.0
1220,1220,5.0
1221,1221,8.0
1222,1222,5.0
1223,1223,1.0
1224,1224,8.0
1225,1225,8.0
1226,1226,7.0
1227,1227,3.0
1228,1228,3.0
1229,1229,0.0
1230,1230,9.0
1231,1231,5.0
1232,1232,4.0
1233,1233,0.0
1234,1234,0.0
1235,1235,5.0
1236,1236,2.0
1237,1237,7.0
1238,1238,0.0
1239,1239,8.0
1240,1240,0.0
1241,1241,8.0
1242,1242,0.0
1243,1243,9.0
1244,1244,9.0
1245,1245,6.0
1246,1246,4.0
1247,1247,2.0
1248,1248,8.0
1249,1249,3.0
1250,1250,3.0
1251,1251,3.0
1252,1252,8.0
1253,1253,1.0
1254,1254,7.0
1255,1255,0.0
1256,1256,9.0
1257,1257,1.0
1258,1258,2.0
1259,1259,0.0
1260,1260,9.0
1261,1261,1.0
1262,1262,1.0
1263,1263,1.0
1264,1264,9.0
1265,1265,5.0
1266,1266,1.0
1267,1267,7.0
1268,1268,9.0
1269,1269,0.0
1270,1270,7.0
1271,1271,2.0
1272,1272,3.0
1273,1273,0.0
1274,1274,1.0
1275,1275,4.0
1276,1276,4.0
1277,1277,4.0
1278,1278,3.0
1279,1279,1.0
1280,1280,6.0
1281,1281,1.0
1282,1282,3.0
1283,1283,7.0
1284,1284,9.0
1285,1285,0.0
1286,1286,1.0
1287,1287,2.0
1288,1288,9.0
1289,1289,2.0
1290,1290,3.0
1291,1291,8.0
1292,1292,6.0
1293,1293,7.0
1294,1294,4.0
1295,1295,3.0
1296,1296,6.0
1297,1297,1.0
1298,1298,9.0
1299,1299,3.0
1300,1300,9.0
1301,1301,2.0
1302,1302,3.0
1303,1303,9.0
1304,1304,1.0
1305,1305,4.0
1306,1306,3.0
1307,1307,4.0
1308,1308,4.0
1309,1309,1.0
1310,1310,0.0
1311,1311,1.0
1312,1312,8.0
1313,1313,1.0
1314,1314,8.0
1315,1315,7.0
1316,1316,9.0
1317,1317,0.0
1318,1318,8.0
1319,1319,7.0
1320,1320,2.0
1321,1321,4.0
1322,1322,3.0
1323,1323,8.0
1324,1324,7.0
1325,1325,0.0
1326,1326,0.0
1327,1327,4.0
1328,1328,7.0
1329,1329,2.0
1330,1330,4.0
1331,1331,1.0
1332,1332,3.0
1333,1333,0.0
1334,1334,1.0
1335,1335,2.0
1336,1336,0.0
1337,1337,0.0
1338,1338,7.0
1339,1339,1.0
1340,1340,8.0
1341,1341,8.0
1342,1342,2.0
1343,1343,1.0
1344,1344,0.0
1345,1345,1.0
1346,1346,2.0
1347,1347,2.0
1348,1348,2.0
1349,1349,0.0
1350,1350,2.0
1351,1351,1.0
1352,1352,7.0
1353,1353,3.0
1354,1354,3.0
1355,1355,0.0
1356,1356,5.0
1357,1357,3.0
1358,1358,9.0
1359,1359,0.0
1360,1360,3.0
1361,1361,2.0
1362,1362,0.0
1363,1363,1.0
1364,1364,5.0
1365,1365,7.0
1366,1366,2.0
1367,1367,8.0
1368,1368,3.0
1369,1369,5.0
1370,1370,6.0
1371,1371,0.0
1372,1372,1.0
1373,1373,8.0
1374,1374,3.0
1375,1375,6.0
1376,1376,9.0
1377,1377,8.0
1378,1378,2.0
1379,1379,3.0
1380,1380,3.0
1381,1381,8.0
1382,1382,9.0
1383,1383,3.0
1384,1384,3.0
1385,1385,1.0
1386,1386,8.0
1387,1387,7.0
1388,1388,3.0
1389,1389,8.0
1390,1390,7.0
1391,1391,3.0
1392,1392,3.0
1393,1393,3.0
1394,1394,5.0
1395,1395,0.0
1396,1396,9.0
1397,1397,7.0
1398,1398,6.0
1399,1399,8.0
1400,1400,9.0
1401,1401,0.0
1402,1402,7.0
1403,1403,1.0
1404,1404,7.0
1405,1405,0.0
1406,1406,4.0
1407,1407,7.0
1408,1408,4.0
1409,1409,3.0
1410,1410,7.0
1411,1411,9.0
1412,1412,0.0
1413,1413,4.0
1414,1414,4.0
1415,1415,3.0
1416,1416,8.0
1417,1417,0.0
1418,1418,9.0
1419,1419,1.0
1420,1420,4.0
1421,1421,7.0
1422,1422,3.0
1423,1423,3.0
1424,1424,0.0
1425,1425,9.0
1426,1426,3.0
1427,1427,0.0
1428,1428,7.0
1429,1429,2.0
1430,1430,3.0
1431,1431,4.0
1432,1432,9.0
1433,1433,4.0
1434,1434,5.0
1435,1435,1.0
1436,1436,4.0
1437,1437,4.0
1438,1438,8.0
1439,1439,7.0
1440,1440,6.0
1441,1441,0.0
1442,1442,6.0
1443,1443,2.0
1444,1444,9.0
1445,1445,7.0
1446,1446,0.0
1447,1447,8.0
1448,1448,3.0
1449,1449,0.0
1450,1450,0.0
1451,1451,9.0
1452,1452,7.0
1453,1453,3.0
1454,1454,2.0
1455,1455,8.0
1456,1456,5.0
1457,1457,3.0
1458,1458,8.0
1459,1459,1.0
1460,1460,1.0
1461,1461,9.0
1462,1462,7.0
1463,1463,3.0
1464,1464,0.0
1465,1465,8.0
1466,1466,1.0
1467,1467,3.0
1468,1468,2.0
1469,1469,1.0
1470,1470,1.0
1471,1471,1.0
1472,1472,8.0
1473,1473,1.0
1474,1474,8.0
1475,1475,1.0
1476,1476,5.0
1477,1477,0.0
1478,1478,9.0
1479,1479,3.0
1480,1480,0.0
1481,1481,1.0
1482,1482,6.0
1483,1483,6.0
1484,1484,9.0
1485,1485,4.0
1486,1486,9.0
1487,1487,8.0
1488,1488,3.0
1489,1489,7.0
1490,1490,4.0
1491,1491,2.0
1492,1492,3.0
1493,1493,7.0
1494,1494,0.0
1495,1495,4.0
1496,1496,7.0
1497,1497,1.0
1498,1498,5.0
1499,1499,2.0
1500,1500,2.0
1501,1501,2.0
1502,1502,7.0
1503,1503,8.0
1504,1504,0.0
1505,1505,4.0
1506,1506,4.0
1507,1507,0.0
1508,1508,2.0
1509,1509,3.0
1510,1510,6.0
1511,1511,3.0
1512,1512,0.0
1513,1513,2.0
1514,1514,1.0
1515,1515,0.0
1516,1516,9.0
1517,1517,4.0
1518,1518,1.0
1519,1519,8.0
1520,1520,7.0
1521,1521,8.0
1522,1522,9.0
1523,1523,0.0
1524,1524,5.0
1525,1525,3.0
1526,1526,0.0
1527,1527,4.0
1528,1528,3.0
1529,1529,0.0
1530,1530,8.0
1531,1531,8.0
1532,1532,2.0
1533,1533,3.0
1534,1534,5.0
1535,1535,0.0
1536,1536,1.0
1537,1537,0.0
1538,1538,7.0
1539,1539,0.0
1540,1540,6.0
1541,1541,8.0
1542,1542,1.0
1543,1543,0.0
1544,1544,3.0
1545,1545,9.0
1546,1546,8.0
1547,1547,4.0
1548,1548,8.0
1549,1549,8.0
1550,1550,0.0
1551,1551,5.0
1552,1552,7.0
1553,1553,8.0
1554,1554,1.0
1555,1555,4.0
1556,1556,2.0
1557,1557,2.0
1558,1558,9.0
1559,1559,4.0
1560,1560,9.0
1561,1561,9.0
1562,1562,4.0
1563,1563,9.0
1564,1564,8.0
1565,1565,8.0
1566,1566,4.0
1567,1567,4.0
1568,1568,8.0
1569,1569,2.0
1570,1570,0.0
1571,1571,2.0
1572,1572,0.0
1573,1573,2.0
1574,1574,9.0
1575,1575,7.0
1576,1576,2.0
1577,1577,1.0
1578,1578,3.0
1579,1579,1.0
1580,1580,9.0
1581,1581,2.0
1582,1582,6.0
1583,1583,3.0
1584,1584,9.0
1585,1585,4.0
1586,1586,2.0
1587,1587,9.0
1588,1588,6.0
1589,1589,8.0
1590,1590,4.0
1591,1591,7.0
1592,1592,3.0
1593,1593,9.0
1594,1594,5.0
1595,1595,7.0
1596,1596,1.0
1597,1597,3.0
1598,1598,3.0
1599,1599,7.0
1600,1600,7.0
1601,1601,8.0
1602,1602,8.0
1603,1603,2.0
1604,1604,6.0
1605,1605,0.0
1606,1606,1.0
1607,1607,7.0
1608,1608,3.0
1609,1609,0.0
1610,1610,0.0
1611,1611,1.0
1612,1612,1.0
1613,1613,8.0
1614,1614,1.0
1615,1615,4.0
1616,1616,3.0
1617,1617,3.0
1618,1618,8.0
1619,1619,8.0
1620,1620,5.0
1621,1621,4.0
1622,1622,3.0
1623,1623,9.0
1624,1624,4.0
1625,1625,9.0
1626,1626,7.0
1627,1627,4.0
1628,1628,6.0
1629,1629,0.0
1630,1630,7.0
1631,1631,2.0
1632,1632,1.0
1633,1633,9.0
1634,1634,9.0
1635,1635,4.0
1636,1636,9.0
1637,1637,6.0
1638,1638,8.0
1639,1639,2.0
1640,1640,4.0
1641,1641,3.0
1642,1642,8.0
1643,1643,7.0
1644,1644,2.0
1645,1645,1.0
1646,1646,0.0
1647,1647,1.0
1648,1648,3.0
1649,1649,4.0
1650,1650,7.0
1651,1651,8.0
1652,1652,4.0
1653,1653,0.0
1654,1654,4.0
1655,1655,3.0
1656,1656,4.0
1657,1657,8.0
1658,1658,7.0
1659,1659,5.0
1660,1660,7.0
1661,1661,0.0
1662,1662,6.0
1663,1663,2.0
1664,1664,1.0
1665,1665,8.0
1666,1666,7.0
1667,1667,8.0
1668,1668,0.0
1669,1669,2.0
1670,1670,8.0
1671,1671,9.0
1672,1672,8.0
1673,1673,4.0
1674,1674,4.0
1675,1675,0.0
1676,1676,9.0
1677,1677,3.0
1678,1678,6.0
1679,1679,1.0
1680,1680,4.0
1681,1681,3.0
1682,1682,2.0
1683,1683,4.0
1684,1684,3.0
1685,1685,0.0
1686,1686,9.0
1687,1687,5.0
1688,1688,8.0
1689,1689,2.0
1690,1690,9.0
1691,1691,0.0
1692,1692,5.0
1693,1693,2.0
1694,1694,4.0
1695,1695,1.0
1696,1696,4.0
1697,1697,2.0
1698,1698,7.0
1699,1699,7.0
1700,1700,4.0
1701,1701,0.0
1702,1702,2.0
1703,1703,8.0
1704,1704,2.0
1705,1705,3.0
1706,1706,3.0
1707,1707,7.0
1708,1708,2.0
1709,1709,7.0
1710,1710,3.0
1711,1711,6.0
1712,1712,4.0
1713,1713,9.0
1714,1714,1.0
1715,1715,8.0
1716,1716,5.0
1717,1717,0.0
1718,1718,9.0
1719,1719,8.0
1720,1720,2.0
1721,1721,2.0
1722,1722,3.0
1723,1723,4.0
1724,1724,3.0
1725,1725,7.0
1726,1726,2.0
1727,1727,2.0
1728,1728,0.0
1729,1729,1.0
1730,1730,1.0
1731,1731,2.0
1732,1732,0.0
1733,1733,3.0
1734,1734,9.0
1735,1735,4.0
1736,1736,0.0
1737,1737,6.0
1738,1738,2.0
1739,1739,3.0
1740,1740,7.0
1741,1741,8.0
1742,1742,0.0
1743,1743,2.0
1744,1744,5.0
1745,1745,9.0
1746,1746,0.0
1747,1747,8.0
1748,1748,1.0
1749,1749,8.0
1750,1750,3.0
1751,1751,7.0
1752,1752,4.0
1753,1753,0.0
1754,1754,4.0
1755,1755,0.0
1756,1756,6.0
1757,1757,3.0
1758,1758,9.0
1759,1759,0.0
1760,1760,1.0
1761,1761,9.0
1762,1762,1.0
1763,1763,1.0
1764,1764,8.0
1765,1765,0.0
1766,1766,4.0
1767,1767,1.0
1768,1768,7.0
1769,1769,7.0
1770,1770,8.0
1771,1771,0.0
1772,1772,8.0
1773,1773,2.0
1774,1774,9.0
1775,1775,8.0
1776,1776,6.0
1777,1777,0.0
1778,1778,1.0
1779,1779,9.0
1780,1780,3.0
1781,1781,9.0
1782,1782,3.0
1783,1783,2.0
1784,1784,9.0
1785,1785,0.0
1786,1786,1.0
1787,1787,3.0
1788,1788,1.0
1789,1789,5.0
1790,1790,2.0
1791,1791,1.0
1792,1792,3.0
1793,1793,2.0
1794,1794,3.0
1795,1795,3.0
1796,1796,7.0
1797,1797,3.0
1798,1798,4.0
1799,1799,7.0
1800,1800,3.0
1801,1801,2.0
1802,1802,3.0
1803,1803,2.0
1804,1804,8.0
1805,1805,5.0
1806,1806,2.0
1807,1807,2.0
1808,1808,0.0
1809,1809,4.0
1810,1810,1.0
1811,1811,7.0
1812,1812,3.0
1813,1813,0.0
1814,1814,1.0
1815,1815,1.0
1816,1816,5.0
1817,1817,2.0
1818,1818,9.0
1819,1819,7.0
1820,1820,7.0
1821,1821,3.0
1822,1822,0.0
1823,1823,7.0
1824,1824,8.0
1825,1825,7.0
1826,1826,2.0
1827,1827,3.0
1828,1828,3.0
1829,1829,8.0
1830,1830,4.0
1831,1831,8.0
1832,1832,9.0
1833,1833,7.0
1834,1834,0.0
1835,1835,3.0
1836,1836,8.0
1837,1837,2.0
1838,1838,8.0
1839,1839,4.0
1840,1840,8.0
1841,1841,9.0
1842,1842,4.0
1843,1843,8.0
1844,1844,2.0
1845,1845,3.0
1846,1846,3.0
1847,1847,0.0
1848,1848,8.0
1849,1849,7.0
1850,1850,6.0
1851,1851,0.0
1852,1852,0.0
1853,1853,0.0
1854,1854,9.0
1855,1855,2.0
1856,1856,0.0
1857,1857,8.0
1858,1858,1.0
1859,1859,3.0
1860,1860,0.0
1861,1861,4.0
1862,1862,7.0
1863,1863,1.0
1864,1864,9.0
1865,1865,8.0
1866,1866,8.0
1867,1867,0.0
1868,1868,9.0
1869,1869,4.0
1870,1870,8.0
1871,1871,0.0
1872,1872,0.0
1873,1873,2.0
1874,1874,7.0
1875,1875,2.0
1876,1876,0.0
1877,1877,4.0
1878,1878,1.0
1879,1879,1.0
1880,1880,8.0
1881,1881,8.0
1882,1882,5.0
1883,1883,3.0
1884,1884,3.0
1885,1885,9.0
1886,1886,3.0
1887,1887,0.0
1888,1888,1.0
1889,1889,7.0
1890,1890,9.0
1891,1891,8.0
1892,1892,8.0
1893,1893,3.0
1894,1894,5.0
1895,1895,9.0
1896,1896,0.0
1897,1897,4.0
1898,1898,0.0
1899,1899,1.0
1900,1900,4.0
1901,1901,1.0
1902,1902,4.0
1903,1903,7.0
1904,1904,4.0
1905,1905,1.0
1906,1906,4.0
1907,1907,3.0
1908,1908,0.0
1909,1909,7.0
1910,1910,7.0
1911,1911,0.0
1912,1912,0.0
1913,1913,4.0
1914,1914,3.0
1915,1915,2.0
1916,1916,1.0
1917,1917,9.0
1918,1918,2.0
1919,1919,1.0
1920,1920,4.0
1921,1921,9.0
1922,1922,8.0
1923,1923,1.0
1924,1924,3.0
1925,1925,4.0
1926,1926,8.0
1927,1927,4.0
1928,1928,0.0
1929,1929,8.0
1930,1930,4.0
1931,1931,4.0
1932,1932,0.0
1933,1933,3.0
1934,1934,8.0
1935,1935,0.0
1936,1936,2.0
1937,1937,4.0
1938,1938,1.0
1939,1939,7.0
1940,1940,7.0
1941,1941,0.0
1942,1942,5.0
1943,1943,6.0
1944,1944,1.0
1945,1945,0.0
1946,1946,1.0
1947,1947,0.0
1948,1948,3.0
1949,1949,5.0
1950,1950,0.0
1951,1951,0.0
1952,1952,0.0
1953,1953,0.0
1954,1954,1.0
1955,1955,4.0
1956,1956,5.0
1957,1957,7.0
1958,1958,5.0
1959,1959,2.0
1960,1960,5.0
1961,1961,3.0
1962,1962,4.0
1963,1963,8.0
1964,1964,0.0
1965,1965,2.0
1966,1966,3.0
1967,1967,5.0
1968,1968,0.0
1969,1969,9.0
1970,1970,6.0
1971,1971,3.0
1972,1972,1.0
1973,1973,3.0
1974,1974,3.0
1975,1975,6.0
1976,1976,9.0
1977,1977,9.0
1978,1978,2.0
1979,1979,3.0
1980,1980,2.0
1981,1981,0.0
1982,1982,2.0
1983,1983,0.0
1984,1984,6.0
1985,1985,2.0
1986,1986,1.0
1987,1987,8.0
1988,1988,8.0
1989,1989,0.0
1990,1990,3.0
1991,1991,2.0
1992,1992,7.0
1993,1993,1.0
1994,1994,3.0
1995,1995,3.0
1996,1996,4.0
1997,1997,4.0
1998,1998,1.0
1999,1999,0.0
2000,2000,7.0
2001,2001,5.0
2002,2002,2.0
2003,2003,2.0
2004,2004,9.0
2005,2005,4.0
2006,2006,4.0
2007,2007,8.0
2008,2008,8.0
2009,2009,0.0
2010,2010,3.0
2011,2011,5.0
2012,2012,9.0
2013,2013,1.0
2014,2014,3.0
2015,2015,3.0
2016,2016,4.0
2017,2017,8.0
2018,2018,7.0
2019,2019,3.0
2020,2020,0.0
2021,2021,9.0
2022,2022,1.0
2023,2023,1.0
2024,2024,7.0
2025,2025,4.0
2026,2026,0.0
2027,2027,9.0
2028,2028,3.0
2029,2029,7.0
2030,2030,2.0
2031,2031,8.0
2032,2032,0.0
2033,2033,8.0
2034,2034,9.0
2035,2035,2.0
2036,2036,4.0
2037,2037,0.0
2038,2038,4.0
2039,2039,5.0
2040,2040,7.0
2041,2041,4.0
2042,2042,5.0
2043,2043,8.0
2044,2044,0.0
2045,2045,0.0
2046,2046,7.0
2047,2047,8.0
2048,2048,0.0
2049,2049,1.0
2050,2050,9.0
2051,2051,3.0
2052,2052,8.0
2053,2053,6.0
2054,2054,5.0
2055,2055,9.0
2056,2056,3.0
2057,2057,1.0
2058,2058,9.0
2059,2059,1.0
2060,2060,9.0
2061,2061,0.0
2062,2062,8.0
2063,2063,3.0
2064,2064,3.0
2065,2065,4.0
2066,2066,3.0
2067,2067,3.0
2068,2068,0.0
2069,2069,0.0
2070,2070,0.0
2071,2071,5.0
2072,2072,3.0
2073,2073,8.0
2074,2074,8.0
2075,2075,4.0
2076,2076,0.0
2077,2077,0.0
2078,2078,3.0
2079,2079,9.0
2080,2080,2.0
2081,2081,7.0
2082,2082,1.0
2083,2083,4.0
2084,2084,5.0
2085,2085,2.0
2086,2086,1.0
2087,2087,8.0
2088,2088,3.0
2089,2089,4.0
2090,2090,1.0
2091,2091,2.0
2092,2092,8.0
2093,2093,8.0
2094,2094,2.0
2095,2095,1.0
2096,2096,9.0
2097,2097,9.0
2098,2098,9.0
2099,2099,4.0
2100,2100,2.0
2101,2101,6.0
2102,2102,0.0
2103,2103,2.0
2104,2104,9.0
2105,2105,3.0
2106,2106,4.0
2107,2107,3.0
2108,2108,7.0
2109,2109,0.0
2110,2110,8.0
2111,2111,7.0
2112,2112,4.0
2113,2113,0.0
2114,2114,3.0
2115,2115,8.0
2116,2116,3.0
2117,2117,0.0
2118,2118,7.0
2119,2119,5.0
2120,2120,1.0
2121,2121,7.0
2122,2122,9.0
2123,2123,3.0
2124,2124,0.0
2125,2125,0.0
2126,2126,4.0
2127,2127,1.0
2128,2128,5.0
2129,2129,0.0
2130,2130,0.0
2131,2131,2.0
2132,2132,0.0
2133,2133,8.0
2134,2134,0.0
2135,2135,1.0
2136,2136,4.0
2137,2137,1.0
2138,2138,5.0
2139,2139,7.0
2140,2140,2.0
2141,2141,0.0
2142,2142,0.0
2143,2143,3.0
2144,2144,8.0
2145,2145,0.0
2146,2146,1.0
2147,2147,1.0
2148,2148,3.0
2149,2149,1.0
2150,2150,6.0
2151,2151,2.0
2152,2152,0.0
2153,2153,9.0
2154,2154,0.0
2155,2155,8.0
2156,2156,2.0
2157,2157,9.0
2158,2158,0.0
2159,2159,7.0
2160,2160,7.0
2161,2161,8.0
2162,2162,3.0
2163,2163,6.0
2164,2164,6.0
2165,2165,4.0
2166,2166,1.0
2167,2167,3.0
2168,2168,2.0
2169,2169,0.0
2170,2170,9.0
2171,2171,2.0
2172,2172,7.0
2173,2173,7.0
2174,2174,0.0
2175,2175,5.0
2176,2176,5.0
2177,2177,2.0
2178,2178,3.0
2179,2179,7.0
2180,2180,9.0
2181,2181,9.0
2182,2182,3.0
2183,2183,8.0
2184,2184,7.0
2185,2185,3.0
2186,2186,4.0
2187,2187,3.0
2188,2188,9.0
2189,2189,6.0
2190,2190,7.0
2191,2191,2.0
2192,2192,0.0
2193,2193,7.0
2194,2194,7.0
2195,2195,3.0
2196,2196,4.0
2197,2197,2.0
2198,2198,1.0
2199,2199,1.0
2200,2200,4.0
2201,2201,2.0
2202,2202,0.0
2203,2203,1.0
2204,2204,5.0
2205,2205,3.0
2206,2206,2.0
2207,2207,8.0
2208,2208,2.0
2209,2209,9.0
2210,2210,0.0
2211,2211,0.0
2212,2212,4.0
2213,2213,1.0
2214,2214,8.0
2215,2215,8.0
2216,2216,9.0
2217,2217,6.0
2218,2218,0.0
2219,2219,2.0
2220,2220,0.0
2221,2221,6.0
2222,2222,8.0
2223,2223,7.0
2224,2224,0.0
2225,2225,7.0
2226,2226,8.0
2227,2227,6.0
2228,2228,4.0
2229,2229,9.0
2230,2230,8.0
2231,2231,0.0
2232,2232,3.0
2233,2233,0.0
2234,2234,0.0
2235,2235,4.0
2236,2236,2.0
2237,2237,7.0
2238,2238,8.0
2239,2239,7.0
2240,2240,7.0
2241,2241,9.0
2242,2242,2.0
2243,2243,7.0
2244,2244,9.0
2245,2245,2.0
2246,2246,3.0
2247,2247,6.0
2248,2248,9.0
2249,2249,7.0
2250,2250,3.0
2251,2251,8.0
2252,2252,4.0
2253,2253,0.0
2254,2254,3.0
2255,2255,0.0
2256,2256,3.0
2257,2257,0.0
2258,2258,8.0
2259,2259,9.0
2260,2260,4.0
2261,2261,7.0
2262,2262,0.0
2263,2263,3.0
2264,2264,0.0
2265,2265,8.0
2266,2266,0.0
2267,2267,1.0
2268,2268,2.0
2269,2269,1.0
2270,2270,3.0
2271,2271,0.0
2272,2272,8.0
2273,2273,1.0
2274,2274,1.0
2275,2275,8.0
2276,2276,8.0
2277,2277,9.0
2278,2278,6.0
2279,2279,7.0
2280,2280,4.0
2281,2281,0.0
2282,2282,0.0
2283,2283,0.0
2284,2284,0.0
2285,2285,5.0
2286,2286,9.0
2287,2287,4.0
2288,2288,2.0
2289,2289,9.0
2290,2290,1.0
2291,2291,0.0
2292,2292,0.0
2293,2293,2.0
2294,2294,1.0
2295,2295,3.0
2296,2296,3.0
2297,2297,1.0
2298,2298,1.0
2299,2299,3.0
2300,2300,0.0
2301,2301,3.0
2302,2302,9.0
2303,2303,4.0
2304,2304,4.0
2305,2305,7.0
2306,2306,4.0
2307,2307,3.0
2308,2308,9.0
2309,2309,0.0
2310,2310,7.0
2311,2311,9.0
2312,2312,2.0
2313,2313,9.0
2314,2314,4.0
2315,2315,1.0
2316,2316,2.0
2317,2317,5.0
2318,2318,0.0
2319,2319,0.0
2320,2320,2.0
2321,2321,3.0
2322,2322,7.0
2323,2323,9.0
2324,2324,0.0
2325,2325,7.0
2326,2326,2.0
2327,2327,2.0
2328,2328,1.0
2329,2329,3.0
2330,2330,9.0
2331,2331,0.0
2332,2332,8.0
2333,2333,6.0
2334,2334,0.0
2335,2335,1.0
2336,2336,0.0
2337,2337,4.0
2338,2338,2.0
2339,2339,0.0
2340,2340,3.0
2341,2341,4.0
2342,2342,1.0
2343,2343,8.0
2344,2344,3.0
2345,2345,3.0
2346,2346,9.0
2347,2347,3.0
2348,2348,0.0
2349,2349,2.0
2350,2350,2.0
2351,2351,6.0
2352,2352,8.0
2353,2353,9.0
2354,2354,6.0
2355,2355,1.0
2356,2356,7.0
2357,2357,1.0
2358,2358,4.0
2359,2359,5.0
2360,2360,1.0
2361,2361,4.0
2362,2362,9.0
2363,2363,1.0
2364,2364,3.0
2365,2365,7.0
2366,2366,5.0
2367,2367,4.0
2368,2368,3.0
2369,2369,2.0
2370,2370,0.0
2371,2371,7.0
2372,2372,8.0
2373,2373,9.0
2374,2374,9.0
2375,2375,9.0
2376,2376,3.0
2377,2377,4.0
2378,2378,5.0
2379,2379,0.0
2380,2380,6.0
2381,2381,3.0
2382,2382,3.0
2383,2383,1.0
2384,2384,1.0
2385,2385,3.0
2386,2386,3.0
2387,2387,9.0
2388,2388,7.0
2389,2389,8.0
2390,2390,0.0
2391,2391,7.0
2392,2392,1.0
2393,2393,2.0
2394,2394,0.0
2395,2395,0.0
2396,2396,8.0
2397,2397,2.0
2398,2398,6.0
2399,2399,7.0
2400,2400,6.0
2401,2401,9.0
2402,2402,5.0
2403,2403,8.0
2404,2404,4.0
2405,2405,2.0
2406,2406,3.0
2407,2407,2.0
2408,2408,5.0
2409,2409,2.0
2410,2410,0.0
2411,2411,1.0
2412,2412,1.0
2413,2413,7.0
2414,2414,7.0
2415,2415,3.0
2416,2416,7.0
2417,2417,2.0
2418,2418,8.0
2419,2419,4.0
2420,2420,0.0
2421,2421,5.0
2422,2422,0.0
2423,2423,8.0
2424,2424,7.0
2425,2425,3.0
2426,2426,6.0
2427,2427,0.0
2428,2428,8.0
2429,2429,9.0
2430,2430,0.0
2431,2431,4.0
2432,2432,4.0
2433,2433,6.0
2434,2434,2.0
2435,2435,1.0
2436,2436,0.0
2437,2437,5.0
2438,2438,4.0
2439,2439,9.0
2440,2440,1.0
2441,2441,3.0
2442,2442,7.0
2443,2443,0.0
2444,2444,4.0
2445,2445,0.0
2446,2446,7.0
2447,2447,0.0
2448,2448,0.0
2449,2449,2.0
2450,2450,8.0
2451,2451,3.0
2452,2452,3.0
2453,2453,4.0
2454,2454,1.0
2455,2455,3.0
2456,2456,3.0
2457,2457,9.0
2458,2458,1.0
2459,2459,2.0
2460,2460,4.0
2461,2461,8.0
2462,2462,5.0
2463,2463,9.0
2464,2464,3.0
2465,2465,3.0
2466,2466,3.0
2467,2467,9.0
2468,2468,7.0
2469,2469,7.0
2470,2470,7.0
2471,2471,2.0
2472,2472,0.0
2473,2473,5.0
2474,2474,5.0
2475,2475,4.0
2476,2476,9.0
2477,2477,3.0
2478,2478,3.0
2479,2479,0.0
2480,2480,3.0
2481,2481,7.0
2482,2482,2.0
2483,2483,1.0
2484,2484,1.0
2485,2485,7.0
2486,2486,1.0
2487,2487,1.0
2488,2488,2.0
2489,2489,9.0
2490,2490,5.0
2491,2491,3.0
2492,2492,7.0
2493,2493,2.0
2494,2494,7.0
2495,2495,5.0
2496,2496,9.0
2497,2497,3.0
2498,2498,5.0
2499,2499,9.0
2500,2500,1.0
2501,2501,9.0
2502,2502,3.0
2503,2503,3.0
2504,2504,2.0
2505,2505,8.0
2506,2506,7.0
2507,2507,3.0
2508,2508,3.0
2509,2509,3.0
2510,2510,2.0
2511,2511,1.0
2512,2512,9.0
2513,2513,8.0
2514,2514,1.0
2515,2515,5.0
2516,2516,5.0
2517,2517,0.0
2518,2518,4.0
2519,2519,9.0
2520,2520,2.0
2521,2521,5.0
2522,2522,4.0
2523,2523,1.0
2524,2524,9.0
2525,2525,8.0
2526,2526,2.0
2527,2527,9.0
2528,2528,9.0
2529,2529,2.0
2530,2530,2.0
2531,2531,2.0
2532,2532,1.0
2533,2533,2.0
2534,2534,8.0
2535,2535,3.0
2536,2536,6.0
2537,2537,8.0
2538,2538,8.0
2539,2539,7.0
2540,2540,0.0
2541,2541,3.0
2542,2542,3.0
2543,2543,4.0
2544,2544,3.0
2545,2545,8.0
2546,2546,0.0
2547,2547,8.0
2548,2548,8.0
2549,2549,5.0
2550,2550,6.0
2551,2551,9.0
2552,2552,9.0
2553,2553,1.0
2554,2554,8.0
2555,2555,1.0
2556,2556,9.0
2557,2557,1.0
2558,2558,2.0
2559,2559,3.0
2560,2560,6.0
2561,2561,5.0
2562,2562,6.0
2563,2563,4.0
2564,2564,4.0
2565,2565,9.0
2566,2566,1.0
2567,2567,8.0
2568,2568,9.0
2569,2569,8.0
2570,2570,2.0
2571,2571,6.0
2572,2572,5.0
2573,2573,4.0
2574,2574,2.0
2575,2575,8.0
2576,2576,1.0
2577,2577,9.0
2578,2578,5.0
2579,2579,9.0
2580,2580,3.0
2581,2581,0.0
2582,2582,5.0
2583,2583,1.0
2584,2584,1.0
2585,2585,4.0
2586,2586,9.0
2587,2587,8.0
2588,2588,8.0
2589,2589,4.0
2590,2590,0.0
2591,2591,5.0
2592,2592,9.0
2593,2593,9.0
2594,2594,6.0
2595,2595,5.0
2596,2596,0.0
2597,2597,3.0
2598,2598,6.0
2599,2599,8.0
2600,2600,9.0
2601,2601,7.0
2602,2602,6.0
2603,2603,1.0
2604,2604,2.0
2605,2605,8.0
2606,2606,3.0
2607,2607,3.0
2608,2608,7.0
2609,2609,0.0
2610,2610,3.0
2611,2611,4.0
2612,2612,6.0
2613,2613,6.0
2614,2614,1.0
2615,2615,2.0
2616,2616,4.0
2617,2617,8.0
2618,2618,1.0
2619,2619,1.0
2620,2620,4.0
2621,2621,5.0
2622,2622,4.0
2623,2623,1.0
2624,2624,8.0
2625,2625,8.0
2626,2626,8.0
2627,2627,9.0
2628,2628,8.0
2629,2629,2.0
2630,2630,7.0
2631,2631,8.0
2632,2632,8.0
2633,2633,2.0
2634,2634,7.0
2635,2635,2.0
2636,2636,7.0
2637,2637,2.0
2638,2638,5.0
2639,2639,2.0
2640,2640,7.0
2641,2641,1.0
2642,2642,5.0
2643,2643,4.0
2644,2644,3.0
2645,2645,9.0
2646,2646,3.0
2647,2647,1.0
2648,2648,8.0
2649,2649,1.0
2650,2650,5.0
2651,2651,5.0
2652,2652,3.0
2653,2653,5.0
2654,2654,1.0
2655,2655,3.0
2656,2656,1.0
2657,2657,6.0
2658,2658,2.0
2659,2659,3.0
2660,2660,4.0
2661,2661,7.0
2662,2662,1.0
2663,2663,5.0
2664,2664,3.0
2665,2665,3.0
2666,2666,4.0
2667,2667,2.0
2668,2668,8.0
2669,2669,8.0
2670,2670,2.0
2671,2671,1.0
2672,2672,0.0
2673,2673,3.0
2674,2674,4.0
2675,2675,9.0
2676,2676,2.0
2677,2677,5.0
2678,2678,9.0
2679,2679,7.0
2680,2680,6.0
2681,2681,3.0
2682,2682,6.0
2683,2683,3.0
2684,2684,4.0
2685,2685,3.0
2686,2686,8.0
2687,2687,3.0
2688,2688,0.0
2689,2689,7.0
2690,2690,1.0
2691,2691,2.0
2692,2692,6.0
2693,2693,5.0
2694,2694,1.0
2695,2695,3.0
2696,2696,3.0
2697,2697,8.0
2698,2698,5.0
2699,2699,2.0
2700,2700,1.0
2701,2701,3.0
2702,2702,2.0
2703,2703,5.0
2704,2704,4.0
2705,2705,9.0
2706,2706,8.0
2707,2707,0.0
2708,2708,2.0
2709,2709,6.0
2710,2710,6.0
2711,2711,5.0
2712,2712,3.0
2713,2713,2.0
2714,2714,8.0
2715,2715,4.0
2716,2716,5.0
2717,2717,1.0
2718,2718,9.0
2719,2719,2.0
2720,2720,5.0
2721,2721,0.0
2722,2722,8.0
2723,2723,4.0
2724,2724,4.0
2725,2725,7.0
2726,2726,0.0
2727,2727,9.0
2728,2728,7.0
2729,2729,7.0
2730,2730,5.0
2731,2731,4.0
2732,2732,8.0
2733,2733,9.0
2734,2734,8.0
2735,2735,9.0
2736,2736,2.0
2737,2737,4.0
2738,2738,0.0
2739,2739,6.0
2740,2740,3.0
2741,2741,9.0
2742,2742,8.0
2743,2743,1.0
2744,2744,7.0
2745,2745,0.0
2746,2746,2.0
2747,2747,7.0
2748,2748,1.0
2749,2749,8.0
2750,2750,9.0
2751,2751,5.0
2752,2752,2.0
2753,2753,2.0
2754,2754,3.0
2755,2755,1.0
2756,2756,2.0
2757,2757,9.0
2758,2758,3.0
2759,2759,6.0
2760,2760,5.0
2761,2761,1.0
2762,2762,9.0
2763,2763,9.0
2764,2764,5.0
2765,2765,3.0
2766,2766,8.0
2767,2767,0.0
2768,2768,1.0
2769,2769,1.0
2770,2770,8.0
2771,2771,7.0
2772,2772,4.0
2773,2773,8.0
2774,2774,9.0
2775,2775,1.0
2776,2776,8.0
2777,2777,7.0
2778,2778,1.0
2779,2779,7.0
2780,2780,5.0
2781,2781,3.0
2782,2782,1.0
2783,2783,3.0
2784,2784,0.0
2785,2785,9.0
2786,2786,7.0
2787,2787,3.0
2788,2788,0.0
2789,2789,6.0
2790,2790,3.0
2791,2791,0.0
2792,2792,6.0
2793,2793,0.0
2794,2794,1.0
2795,2795,1.0
2796,2796,3.0
2797,2797,7.0
2798,2798,4.0
2799,2799,1.0
2800,2800,5.0
2801,2801,4.0
2802,2802,9.0
2803,2803,5.0
2804,2804,7.0
2805,2805,1.0
2806,2806,8.0
2807,2807,3.0
2808,2808,9.0
2809,2809,3.0
2810,2810,8.0
2811,2811,8.0
2812,2812,8.0
2813,2813,8.0
2814,2814,2.0
2815,2815,6.0
2816,2816,2.0
2817,2817,4.0
2818,2818,4.0
2819,2819,0.0
2820,2820,2.0
2821,2821,4.0
2822,2822,3.0
2823,2823,4.0
2824,2824,2.0
2825,2825,8.0
2826,2826,9.0
2827,2827,2.0
2828,2828,9.0
2829,2829,7.0
2830,2830,6.0
2831,2831,2.0
2832,2832,4.0
2833,2833,3.0
2834,2834,4.0
2835,2835,5.0
2836,2836,4.0
2837,2837,5.0
2838,2838,7.0
2839,2839,1.0
2840,2840,1.0
2841,2841,5.0
2842,2842,2.0
2843,2843,7.0
2844,2844,2.0
2845,2845,5.0
2846,2846,3.0
2847,2847,5.0
2848,2848,2.0
2849,2849,8.0
2850,2850,0.0
2851,2851,1.0
2852,2852,4.0
2853,2853,9.0
2854,2854,2.0
2855,2855,5.0
2856,2856,1.0
2857,2857,7.0
2858,2858,2.0
2859,2859,3.0
2860,2860,7.0
2861,2861,2.0
2862,2862,2.0
2863,2863,8.0
2864,2864,5.0
2865,2865,4.0
2866,2866,3.0
2867,2867,0.0
2868,2868,0.0
2869,2869,3.0
2870,2870,8.0
2871,2871,3.0
2872,2872,4.0
2873,2873,1.0
2874,2874,0.0
2875,2875,3.0
2876,2876,2.0
2877,2877,9.0
2878,2878,7.0
2879,2879,9.0
2880,2880,9.0
2881,2881,0.0
2882,2882,7.0
2883,2883,3.0
2884,2884,8.0
2885,2885,1.0
2886,2886,3.0
2887,2887,9.0
2888,2888,3.0
2889,2889,5.0
2890,2890,5.0
2891,2891,7.0
2892,2892,7.0
2893,2893,2.0
2894,2894,7.0
2895,2895,3.0
2896,2896,1.0
2897,2897,1.0
2898,2898,9.0
2899,2899,9.0
2900,2900,3.0
2901,2901,4.0
2902,2902,4.0
2903,2903,9.0
2904,2904,4.0
2905,2905,4.0
2906,2906,8.0
2907,2907,9.0
2908,2908,5.0
2909,2909,1.0
2910,2910,5.0
2911,2911,1.0
2912,2912,1.0
2913,2913,6.0
2914,2914,0.0
2915,2915,2.0
2916,2916,7.0
2917,2917,3.0
2918,2918,5.0
2919,2919,9.0
2920,2920,3.0
2921,2921,4.0
2922,2922,8.0
2923,2923,3.0
2924,2924,1.0
2925,2925,9.0
2926,2926,9.0
2927,2927,1.0
2928,2928,4.0
2929,2929,2.0
2930,2930,2.0
2931,2931,3.0
2932,2932,7.0
2933,2933,5.0
2934,2934,8.0
2935,2935,5.0
2936,2936,2.0
2937,2937,8.0
2938,2938,8.0
2939,2939,3.0
2940,2940,4.0
2941,2941,5.0
2942,2942,4.0
2943,2943,6.0
2944,2944,3.0
2945,2945,2.0
2946,2946,3.0
2947,2947,4.0
2948,2948,3.0
2949,2949,7.0
2950,2950,0.0
2951,2951,9.0
2952,2952,8.0
2953,2953,8.0
2954,2954,9.0
2955,2955,0.0
2956,2956,1.0
2957,2957,4.0
2958,2958,1.0
2959,2959,3.0
2960,2960,6.0
2961,2961,8.0
2962,2962,2.0
2963,2963,7.0
2964,2964,6.0
2965,2965,2.0
2966,2966,8.0
2967,2967,1.0
2968,2968,4.0
2969,2969,0.0
2970,2970,7.0
2971,2971,1.0
2972,2972,2.0
2973,2973,3.0
2974,2974,0.0
2975,2975,1.0
2976,2976,5.0
2977,2977,2.0
2978,2978,4.0
2979,2979,8.0
2980,2980,5.0
2981,2981,2.0
2982,2982,0.0
2983,2983,4.0
2984,2984,9.0
2985,2985,3.0
2986,2986,4.0
2987,2987,1.0
2988,2988,6.0
2989,2989,7.0
2990,2990,8.0
2991,2991,7.0
2992,2992,1.0
2993,2993,6.0
2994,2994,2.0
2995,2995,7.0
2996,2996,4.0
2997,2997,7.0
2998,2998,1.0
2999,2999,7.0
3000,3000,7.0
3001,3001,3.0
3002,3002,8.0
3003,3003,3.0
3004,3004,1.0
3005,3005,9.0
3006,3006,8.0
3007,3007,0.0
3008,3008,2.0
3009,3009,9.0
3010,3010,9.0
3011,3011,8.0
3012,3012,4.0
3013,3013,7.0
3014,3014,1.0
3015,3015,5.0
3016,3016,4.0
3017,3017,1.0
3018,3018,8.0
3019,3019,8.0
3020,3020,4.0
3021,3021,1.0
3022,3022,8.0
3023,3023,2.0
3024,3024,9.0
3025,3025,9.0
3026,3026,9.0
3027,3027,9.0
3028,3028,8.0
3029,3029,8.0
3030,3030,8.0
3031,3031,2.0
3032,3032,8.0
3033,3033,7.0
3034,3034,7.0
3035,3035,9.0
3036,3036,9.0
3037,3037,0.0
3038,3038,2.0
3039,3039,2.0
3040,3040,1.0
3041,3041,5.0
3042,3042,9.0
3043,3043,0.0
3044,3044,0.0
3045,3045,9.0
3046,3046,4.0
3047,3047,3.0
3048,3048,8.0
3049,3049,8.0
3050,3050,0.0
3051,3051,9.0
3052,3052,4.0
3053,3053,2.0
3054,3054,4.0
3055,3055,9.0
3056,3056,3.0
3057,3057,2.0
3058,3058,8.0
3059,3059,8.0
3060,3060,9.0
3061,3061,1.0
3062,3062,1.0
3063,3063,7.0
3064,3064,2.0
3065,3065,5.0
3066,3066,1.0
3067,3067,4.0
3068,3068,2.0
3069,3069,2.0
3070,3070,6.0
3071,3071,8.0
3072,3072,9.0
3073,3073,4.0
3074,3074,2.0
3075,3075,0.0
3076,3076,0.0
3077,3077,8.0
3078,3078,5.0
3079,3079,4.0
3080,3080,1.0
3081,3081,8.0
3082,3082,2.0
3083,3083,0.0
3084,3084,1.0
3085,3085,0.0
3086,3086,8.0
3087,3087,6.0
3088,3088,9.0
3089,3089,5.0
3090,3090,7.0
3091,3091,2.0
3092,3092,0.0
3093,3093,7.0
3094,3094,7.0
3095,3095,9.0
3096,3096,9.0
3097,3097,3.0
3098,3098,4.0
3099,3099,3.0
3100,3100,7.0
3101,3101,1.0
3102,3102,4.0
3103,3103,3.0
3104,3104,2.0
3105,3105,4.0
3106,3106,7.0
3107,3107,2.0
3108,3108,2.0
3109,3109,7.0
3110,3110,4.0
3111,3111,7.0
3112,3112,4.0
3113,3113,2.0
3114,3114,5.0
3115,3115,2.0
3116,3116,6.0
3117,3117,8.0
3118,3118,7.0
3119,3119,1.0
3120,3120,6.0
3121,3121,3.0
3122,3122,8.0
3123,3123,5.0
3124,3124,0.0
3125,3125,8.0
3126,3126,4.0
3127,3127,9.0
3128,3128,8.0
3129,3129,6.0
3130,3130,6.0
3131,3131,8.0
3132,3132,9.0
3133,3133,9.0
3134,3134,9.0
3135,3135,6.0
3136,3136,4.0
3137,3137,0.0
3138,3138,8.0
3139,3139,9.0
3140,3140,1.0
3141,3141,4.0
3142,3142,2.0
3143,3143,3.0
3144,3144,0.0
3145,3145,4.0
3146,3146,1.0
3147,3147,9.0
3148,3148,8.0
3149,3149,0.0
3150,3150,2.0
3151,3151,3.0
3152,3152,0.0
3153,3153,2.0
3154,3154,9.0
3155,3155,4.0
3156,3156,2.0
3157,3157,1.0
3158,3158,1.0
3159,3159,6.0
3160,3160,2.0
3161,3161,2.0
3162,3162,2.0
3163,3163,7.0
3164,3164,1.0
3165,3165,8.0
3166,3166,2.0
3167,3167,9.0
3168,3168,2.0
3169,3169,4.0
3170,3170,2.0
3171,3171,0.0
3172,3172,7.0
3173,3173,1.0
3174,3174,4.0
3175,3175,8.0
3176,3176,9.0
3177,3177,9.0
3178,3178,4.0
3179,3179,4.0
3180,3180,8.0
3181,3181,4.0
3182,3182,1.0
3183,3183,3.0
3184,3184,2.0
3185,3185,9.0
3186,3186,4.0
3187,3187,7.0
3188,3188,7.0
3189,3189,3.0
3190,3190,1.0
3191,3191,7.0
3192,3192,8.0
3193,3193,6.0
3194,3194,4.0
3195,3195,7.0
3196,3196,7.0
3197,3197,2.0
3198,3198,7.0
3199,3199,9.0
3200,3200,9.0
3201,3201,7.0
3202,3202,8.0
3203,3203,5.0
3204,3204,4.0
3205,3205,5.0
3206,3206,1.0
3207,3207,0.0
3208,3208,4.0
3209,3209,7.0
3210,3210,4.0
3211,3211,7.0
3212,3212,8.0
3213,3213,0.0
3214,3214,7.0
3215,3215,3.0
3216,3216,0.0
3217,3217,1.0
3218,3218,4.0
3219,3219,2.0
3220,3220,9.0
3221,3221,6.0
3222,3222,8.0
3223,3223,0.0
3224,3224,9.0
3225,3225,3.0
3226,3226,3.0
3227,3227,0.0
3228,3228,7.0
3229,3229,9.0
3230,3230,9.0
3231,3231,8.0
3232,3232,9.0
3233,3233,8.0
3234,3234,6.0
3235,3235,8.0
3236,3236,3.0
3237,3237,2.0
3238,3238,9.0
3239,3239,0.0
3240,3240,6.0
3241,3241,0.0
3242,3242,5.0
3243,3243,0.0
3244,3244,2.0
3245,3245,4.0
3246,3246,1.0
3247,3247,7.0
3248,3248,5.0
3249,3249,1.0
3250,3250,9.0
3251,3251,7.0
3252,3252,0.0
3253,3253,1.0
3254,3254,1.0
3255,3255,2.0
3256,3256,0.0
3257,3257,7.0
3258,3258,2.0
3259,3259,2.0
3260,3260,9.0
3261,3261,3.0
3262,3262,3.0
3263,3263,4.0
3264,3264,3.0
3265,3265,1.0
3266,3266,9.0
3267,3267,4.0
3268,3268,0.0
3269,3269,4.0
3270,3270,0.0
3271,3271,6.0
3272,3272,2.0
3273,3273,8.0
3274,3274,3.0
3275,3275,7.0
3276,3276,0.0
3277,3277,0.0
3278,3278,8.0
3279,3279,6.0
3280,3280,9.0
3281,3281,0.0
3282,3282,8.0
3283,3283,1.0
3284,3284,8.0
3285,3285,9.0
3286,3286,8.0
3287,3287,8.0
3288,3288,2.0
3289,3289,8.0
3290,3290,9.0
3291,3291,3.0
3292,3292,8.0
3293,3293,3.0
3294,3294,9.0
3295,3295,5.0
3296,3296,7.0
3297,3297,0.0
3298,3298,2.0
3299,3299,0.0
3300,3300,3.0
3301,3301,1.0
3302,3302,2.0
3303,3303,8.0
3304,3304,4.0
3305,3305,4.0
3306,3306,1.0
3307,3307,6.0
3308,3308,3.0
3309,3309,9.0
3310,3310,2.0
3311,3311,3.0
3312,3312,7.0
3313,3313,4.0
3314,3314,8.0
3315,3315,6.0
3316,3316,3.0
3317,3317,0.0
3318,3318,1.0
3319,3319,8.0
3320,3320,3.0
3321,3321,4.0
3322,3322,1.0
3323,3323,3.0
3324,3324,4.0
3325,3325,1.0
3326,3326,3.0
3327,3327,6.0
3328,3328,9.0
3329,3329,3.0
3330,3330,6.0
3331,3331,1.0
3332,3332,6.0
3333,3333,4.0
3334,3334,0.0
3335,3335,2.0
3336,3336,7.0
3337,3337,3.0
3338,3338,8.0
3339,3339,9.0
3340,3340,2.0
3341,3341,0.0
3342,3342,7.0
3343,3343,3.0
3344,3344,9.0
3345,3345,9.0
3346,3346,5.0
3347,3347,2.0
3348,3348,3.0
3349,3349,9.0
3350,3350,6.0
3351,3351,7.0
3352,3352,2.0
3353,3353,2.0
3354,3354,1.0
3355,3355,4.0
3356,3356,8.0
3357,3357,1.0
3358,3358,9.0
3359,3359,1.0
3360,3360,1.0
3361,3361,4.0
3362,3362,7.0
3363,3363,5.0
3364,3364,8.0
3365,3365,4.0
3366,3366,9.0
3367,3367,3.0
3368,3368,7.0
3369,3369,9.0
3370,3370,7.0
3371,3371,1.0
3372,3372,0.0
3373,3373,7.0
3374,3374,4.0
3375,3375,0.0
3376,3376,9.0
3377,3377,4.0
3378,3378,9.0
3379,3379,4.0
3380,3380,8.0
3381,3381,2.0
3382,3382,2.0
3383,3383,9.0
3384,3384,8.0
3385,3385,5.0
3386,3386,7.0
3387,3387,2.0
3388,3388,1.0
3389,3389,2.0
3390,3390,1.0
3391,3391,1.0
3392,3392,7.0
3393,3393,2.0
3394,3394,3.0
3395,3395,2.0
3396,3396,2.0
3397,3397,1.0
3398,3398,2.0
3399,3399,8.0
3400,3400,3.0
3401,3401,1.0
3402,3402,7.0
3403,3403,7.0
3404,3404,1.0
3405,3405,7.0
3406,3406,4.0
3407,3407,2.0
3408,3408,8.0
3409,3409,3.0
3410,3410,2.0
3411,3411,5.0
3412,3412,5.0
3413,3413,7.0
3414,3414,7.0
3415,3415,6.0
3416,3416,2.0
3417,3417,1.0
3418,3418,1.0
3419,3419,3.0
3420,3420,1.0
3421,3421,1.0
3422,3422,7.0
3423,3423,3.0
3424,3424,4.0
3425,3425,4.0
3426,3426,4.0
3427,3427,8.0
3428,3428,3.0
3429,3429,7.0
3430,3430,5.0
3431,3431,6.0
3432,3432,9.0
3433,3433,7.0
3434,3434,2.0
3435,3435,4.0
3436,3436,7.0
3437,3437,4.0
3438,3438,1.0
3439,3439,8.0
3440,3440,3.0
3441,3441,4.0
3442,3442,5.0
3443,3443,1.0
3444,3444,2.0
3445,3445,8.0
3446,3446,8.0
3447,3447,2.0
3448,3448,8.0
3449,3449,1.0
3450,3450,2.0
3451,3451,1.0
3452,3452,1.0
3453,3453,9.0
3454,3454,7.0
3455,3455,4.0
3456,3456,7.0
3457,3457,9.0
3458,3458,8.0
3459,3459,7.0
3460,3460,2.0
3461,3461,0.0
3462,3462,9.0
3463,3463,9.0
3464,3464,4.0
3465,3465,8.0
3466,3466,9.0
3467,3467,6.0
3468,3468,4.0
3469,3469,1.0
3470,3470,6.0
3471,3471,4.0
3472,3472,7.0
3473,3473,2.0
3474,3474,0.0
3475,3475,3.0
3476,3476,4.0
3477,3477,6.0
3478,3478,2.0
3479,3479,4.0
3480,3480,7.0
3481,3481,8.0
3482,3482,1.0
3483,3483,2.0
3484,3484,9.0
3485,3485,3.0
3486,3486,7.0
3487,3487,2.0
3488,3488,7.0
3489,3489,2.0
3490,3490,6.0
3491,3491,0.0
3492,3492,9.0
3493,3493,1.0
3494,3494,1.0
3495,3495,3.0
3496,3496,9.0
3497,3497,0.0
3498,3498,7.0
3499,3499,7.0
3500,3500,3.0
3501,3501,7.0
3502,3502,8.0
3503,3503,8.0
3504,3504,4.0
3505,3505,8.0
3506,3506,9.0
3507,3507,4.0
3508,3508,0.0
3509,3509,7.0
3510,3510,2.0
3511,3511,8.0
3512,3512,7.0
3513,3513,0.0
3514,3514,7.0
3515,3515,8.0
3516,3516,4.0
3517,3517,9.0
3518,3518,4.0
3519,3519,6.0
3520,3520,4.0
3521,3521,7.0
3522,3522,8.0
3523,3523,9.0
3524,3524,1.0
3525,3525,7.0
3526,3526,0.0
3527,3527,4.0
3528,3528,2.0
3529,3529,0.0
3530,3530,7.0
3531,3531,6.0
3532,3532,0.0
3533,3533,2.0
3534,3534,2.0
3535,3535,4.0
3536,3536,7.0
3537,3537,1.0
3538,3538,3.0
3539,3539,6.0
3540,3540,8.0
3541,3541,6.0
3542,3542,8.0
3543,3543,5.0
3544,3544,2.0
3545,3545,8.0
3546,3546,0.0
3547,3547,4.0
3548,3548,7.0
3549,3549,9.0
3550,3550,2.0
3551,3551,1.0
3552,3552,5.0
3553,3553,7.0
3554,3554,0.0
3555,3555,9.0
3556,3556,2.0
3557,3557,4.0
3558,3558,2.0
3559,3559,0.0
3560,3560,6.0
3561,3561,1.0
3562,3562,4.0
3563,3563,1.0
3564,3564,2.0
3565,3565,4.0
3566,3566,4.0
3567,3567,1.0
3568,3568,8.0
3569,3569,8.0
3570,3570,1.0
3571,3571,9.0
3572,3572,5.0
3573,3573,4.0
3574,3574,4.0
3575,3575,6.0
3576,3576,1.0
3577,3577,6.0
3578,3578,2.0
3579,3579,5.0
3580,3580,5.0
3581,3581,4.0
3582,3582,1.0
3583,3583,7.0
3584,3584,4.0
3585,3585,6.0
3586,3586,6.0
3587,3587,2.0
3588,3588,7.0
3589,3589,1.0
3590,3590,3.0
3591,3591,9.0
3592,3592,3.0
3593,3593,1.0
3594,3594,8.0
3595,3595,0.0
3596,3596,6.0
3597,3597,3.0
3598,3598,9.0
3599,3599,1.0
3600,3600,9.0
3601,3601,3.0
3602,3602,4.0
3603,3603,9.0
3604,3604,7.0
3605,3605,4.0
3606,3606,2.0
3607,3607,7.0
3608,3608,1.0
3609,3609,1.0
3610,3610,8.0
3611,3611,5.0
3612,3612,1.0
3613,3613,9.0
3614,3614,5.0
3615,3615,8.0
3616,3616,1.0
3617,3617,1.0
3618,3618,7.0
3619,3619,3.0
3620,3620,6.0
3621,3621,4.0
3622,3622,1.0
3623,3623,7.0
3624,3624,8.0
3625,3625,8.0
3626,3626,6.0
3627,3627,9.0
3628,3628,7.0
3629,3629,4.0
3630,3630,5.0
3631,3631,9.0
3632,3632,7.0
3633,3633,2.0
3634,3634,2.0
3635,3635,4.0
3636,3636,7.0
3637,3637,2.0
3638,3638,7.0
3639,3639,8.0
3640,3640,2.0
3641,3641,0.0
3642,3642,0.0
3643,3643,2.0
3644,3644,9.0
3645,3645,5.0
3646,3646,3.0
3647,3647,7.0
3648,3648,9.0
3649,3649,7.0
3650,3650,6.0
3651,3651,1.0
3652,3652,3.0
3653,3653,4.0
3654,3654,7.0
3655,3655,9.0
3656,3656,2.0
3657,3657,8.0
3658,3658,9.0
3659,3659,9.0
3660,3660,4.0
3661,3661,6.0
3662,3662,9.0
3663,3663,3.0
3664,3664,0.0
3665,3665,0.0
3666,3666,0.0
3667,3667,4.0
3668,3668,2.0
3669,3669,8.0
3670,3670,6.0
3671,3671,1.0
3672,3672,8.0
3673,3673,2.0
3674,3674,2.0
3675,3675,2.0
3676,3676,2.0
3677,3677,7.0
3678,3678,0.0
3679,3679,7.0
3680,3680,4.0
3681,3681,3.0
3682,3682,1.0
3683,3683,5.0
3684,3684,7.0
3685,3685,0.0
3686,3686,2.0
3687,3687,4.0
3688,3688,4.0
3689,3689,8.0
3690,3690,4.0
3691,3691,2.0
3692,3692,7.0
3693,3693,3.0
3694,3694,9.0
3695,3695,8.0
3696,3696,7.0
3697,3697,1.0
3698,3698,8.0
3699,3699,4.0
3700,3700,7.0
3701,3701,2.0
3702,3702,7.0
3703,3703,7.0
3704,3704,7.0
3705,3705,4.0
3706,3706,4.0
3707,3707,1.0
3708,3708,7.0
3709,3709,8.0
3710,3710,9.0
3711,3711,3.0
3712,3712,6.0
3713,3713,7.0
3714,3714,2.0
3715,3715,9.0
3716,3716,3.0
3717,3717,6.0
3718,3718,2.0
3719,3719,5.0
3720,3720,5.0
3721,3721,4.0
3722,3722,6.0
3723,3723,9.0
3724,3724,1.0
3725,3725,8.0
3726,3726,2.0
3727,3727,3.0
3728,3728,1.0
3729,3729,3.0
3730,3730,4.0
3731,3731,1.0
3732,3732,1.0
3733,3733,4.0
3734,3734,7.0
3735,3735,2.0
3736,3736,9.0
3737,3737,4.0
3738,3738,0.0
3739,3739,9.0
3740,3740,2.0
3741,3741,9.0
3742,3742,7.0
3743,3743,4.0
3744,3744,3.0
3745,3745,2.0
3746,3746,7.0
3747,3747,0.0
3748,3748,3.0
3749,3749,3.0
3750,3750,4.0
3751,3751,8.0
3752,3752,8.0
3753,3753,1.0
3754,3754,6.0
3755,3755,2.0
3756,3756,2.0
3757,3757,3.0
3758,3758,8.0
3759,3759,1.0
3760,3760,2.0
3761,3761,2.0
3762,3762,7.0
3763,3763,5.0
3764,3764,3.0
3765,3765,8.0
3766,3766,2.0
3767,3767,0.0
3768,3768,1.0
3769,3769,9.0
3770,3770,3.0
3771,3771,1.0
3772,3772,7.0
3773,3773,9.0
3774,3774,1.0
3775,3775,7.0
3776,3776,1.0
3777,3777,8.0
3778,3778,1.0
3779,3779,5.0
3780,3780,6.0
3781,3781,4.0
3782,3782,8.0
3783,3783,5.0
3784,3784,2.0
3785,3785,9.0
3786,3786,1.0
3787,3787,7.0
3788,3788,0.0
3789,3789,4.0
3790,3790,1.0
3791,3791,7.0
3792,3792,1.0
3793,3793,0.0
3794,3794,6.0
3795,3795,2.0
3796,3796,3.0
3797,3797,8.0
3798,3798,9.0
3799,3799,9.0
3800,3800,6.0
3801,3801,7.0
3802,3802,1.0
3803,3803,7.0
3804,3804,1.0
3805,3805,8.0
3806,3806,7.0
3807,3807,8.0
3808,3808,8.0
3809,3809,0.0
3810,3810,2.0
3811,3811,2.0
3812,3812,4.0
3813,3813,9.0
3814,3814,8.0
3815,3815,3.0
3816,3816,2.0
3817,3817,8.0
3818,3818,1.0
3819,3819,6.0
3820,3820,8.0
3821,3821,1.0
3822,3822,2.0
3823,3823,6.0
3824,3824,8.0
3825,3825,5.0
3826,3826,2.0
3827,3827,1.0
3828,3828,1.0
3829,3829,1.0
3830,3830,8.0
3831,3831,8.0
3832,3832,2.0
3833,3833,9.0
3834,3834,0.0
3835,3835,6.0
3836,3836,8.0
3837,3837,4.0
3838,3838,5.0
3839,3839,1.0
3840,3840,6.0
3841,3841,4.0
3842,3842,4.0
3843,3843,4.0
3844,3844,0.0
3845,3845,9.0
3846,3846,0.0
3847,3847,3.0
3848,3848,8.0
3849,3849,7.0
3850,3850,7.0
3851,3851,6.0
3852,3852,2.0
3853,3853,1.0
3854,3854,4.0
3855,3855,6.0
3856,3856,9.0
3857,3857,1.0
3858,3858,1.0
3859,3859,6.0
3860,3860,3.0
3861,3861,9.0
3862,3862,7.0
3863,3863,6.0
3864,3864,1.0
3865,3865,4.0
3866,3866,7.0
3867,3867,3.0
3868,3868,8.0
3869,3869,9.0
3870,3870,1.0
3871,3871,2.0
3872,3872,1.0
3873,3873,2.0
3874,3874,0.0
3875,3875,1.0
3876,3876,8.0
3877,3877,7.0
3878,3878,2.0
3879,3879,4.0
3880,3880,1.0
3881,3881,8.0
3882,3882,0.0
3883,3883,1.0
3884,3884,7.0
3885,3885,7.0
3886,3886,7.0
3887,3887,0.0
3888,3888,4.0
3889,3889,1.0
3890,3890,4.0
3891,3891,8.0
3892,3892,6.0
3893,3893,9.0
3894,3894,4.0
3895,3895,1.0
3896,3896,9.0
3897,3897,0.0
3898,3898,3.0
3899,3899,8.0
3900,3900,4.0
3901,3901,4.0
3902,3902,9.0
3903,3903,0.0
3904,3904,9.0
3905,3905,0.0
3906,3906,9.0
3907,3907,1.0
3908,3908,2.0
3909,3909,4.0
3910,3910,8.0
3911,3911,1.0
3912,3912,4.0
3913,3913,6.0
3914,3914,7.0
3915,3915,9.0
3916,3916,4.0
3917,3917,4.0
3918,3918,9.0
3919,3919,1.0
3920,3920,7.0
3921,3921,0.0
3922,3922,4.0
3923,3923,7.0
3924,3924,2.0
3925,3925,2.0
3926,3926,4.0
3927,3927,3.0
3928,3928,1.0
3929,3929,0.0
3930,3930,5.0
3931,3931,6.0
3932,3932,6.0
3933,3933,4.0
3934,3934,8.0
3935,3935,0.0
3936,3936,5.0
3937,3937,3.0
3938,3938,7.0
3939,3939,8.0
3940,3940,9.0
3941,3941,1.0
3942,3942,9.0
3943,3943,8.0
3944,3944,4.0
3945,3945,3.0
3946,3946,3.0
3947,3947,3.0
3948,3948,5.0
3949,3949,0.0
3950,3950,9.0
3951,3951,0.0
3952,3952,2.0
3953,3953,0.0
3954,3954,8.0
3955,3955,1.0
3956,3956,2.0
3957,3957,3.0
3958,3958,4.0
3959,3959,9.0
3960,3960,9.0
3961,3961,0.0
3962,3962,7.0
3963,3963,1.0
3964,3964,9.0
3965,3965,7.0
3966,3966,2.0
3967,3967,2.0
3968,3968,5.0
3969,3969,8.0
3970,3970,8.0
3971,3971,8.0
3972,3972,0.0
3973,3973,2.0
3974,3974,3.0
3975,3975,9.0
3976,3976,7.0
3977,3977,7.0
3978,3978,0.0
3979,3979,2.0
3980,3980,3.0
3981,3981,9.0
3982,3982,0.0
3983,3983,2.0
3984,3984,3.0
3985,3985,4.0
3986,3986,0.0
3987,3987,4.0
3988,3988,2.0
3989,3989,1.0
3990,3990,8.0
3991,3991,1.0
3992,3992,3.0
3993,3993,9.0
3994,3994,2.0
3995,3995,9.0
3996,3996,6.0
3997,3997,1.0
3998,3998,2.0
3999,3999,6.0
4000,4000,0.0
4001,4001,4.0
4002,4002,8.0
4003,4003,0.0
4004,4004,1.0
4005,4005,7.0
4006,4006,7.0
4007,4007,8.0
4008,4008,2.0
4009,4009,1.0
4010,4010,8.0
4011,4011,3.0
4012,4012,9.0
4013,4013,2.0
4014,4014,2.0
4015,4015,0.0
4016,4016,7.0
4017,4017,1.0
4018,4018,7.0
4019,4019,4.0
4020,4020,2.0
4021,4021,8.0
4022,4022,2.0
4023,4023,6.0
4024,4024,8.0
4025,4025,2.0
4026,4026,7.0
4027,4027,3.0
4028,4028,4.0
4029,4029,0.0
4030,4030,1.0
4031,4031,5.0
4032,4032,9.0
4033,4033,1.0
4034,4034,0.0
4035,4035,2.0
4036,4036,3.0
4037,4037,4.0
4038,4038,8.0
4039,4039,4.0
4040,4040,0.0
4041,4041,6.0
4042,4042,2.0
4043,4043,5.0
4044,4044,6.0
4045,4045,3.0
4046,4046,1.0
4047,4047,9.0
4048,4048,9.0
4049,4049,3.0
4050,4050,1.0
4051,4051,9.0
4052,4052,5.0
4053,4053,0.0
4054,4054,7.0
4055,4055,1.0
4056,4056,7.0
4057,4057,1.0
4058,4058,4.0
4059,4059,3.0
4060,4060,7.0
4061,4061,9.0
4062,4062,7.0
4063,4063,4.0
4064,4064,7.0
4065,4065,8.0
4066,4066,1.0
4067,4067,1.0
4068,4068,8.0
4069,4069,9.0
4070,4070,7.0
4071,4071,7.0
4072,4072,7.0
4073,4073,8.0
4074,4074,9.0
4075,4075,6.0
4076,4076,2.0
4077,4077,1.0
4078,4078,7.0
4079,4079,7.0
4080,4080,9.0
4081,4081,4.0
4082,4082,1.0
4083,4083,8.0
4084,4084,7.0
4085,4085,4.0
4086,4086,3.0
4087,4087,9.0
4088,4088,1.0
4089,4089,3.0
4090,4090,0.0
4091,4091,8.0
4092,4092,0.0
4093,4093,5.0
4094,4094,9.0
4095,4095,0.0
4096,4096,2.0
4097,4097,3.0
4098,4098,8.0
4099,4099,1.0
4100,4100,0.0
4101,4101,2.0
4102,4102,7.0
4103,4103,3.0
4104,4104,3.0
4105,4105,2.0
4106,4106,2.0
4107,4107,1.0
4108,4108,4.0
4109,4109,8.0
4110,4110,8.0
4111,4111,9.0
4112,4112,0.0
4113,4113,3.0
4114,4114,0.0
4115,4115,4.0
4116,4116,9.0
4117,4117,8.0
4118,4118,9.0
4119,4119,4.0
4120,4120,9.0
4121,4121,8.0
4122,4122,8.0
4123,4123,9.0
4124,4124,1.0
4125,4125,1.0
4126,4126,3.0
4127,4127,9.0
4128,4128,6.0
4129,4129,0.0
4130,4130,3.0
4131,4131,0.0
4132,4132,3.0
4133,4133,1.0
4134,4134,4.0
4135,4135,8.0
4136,4136,3.0
4137,4137,9.0
4138,4138,2.0
4139,4139,8.0
4140,4140,1.0
4141,4141,9.0
4142,4142,4.0
4143,4143,2.0
4144,4144,1.0
4145,4145,2.0
4146,4146,0.0
4147,4147,9.0
4148,4148,8.0
4149,4149,3.0
4150,4150,2.0
4151,4151,7.0
4152,4152,4.0
4153,4153,8.0
4154,4154,1.0
4155,4155,4.0
4156,4156,8.0
4157,4157,5.0
4158,4158,0.0
4159,4159,7.0
4160,4160,2.0
4161,4161,6.0
4162,4162,1.0
4163,4163,7.0
4164,4164,8.0
4165,4165,8.0
4166,4166,1.0
4167,4167,8.0
4168,4168,3.0
4169,4169,6.0
4170,4170,8.0
4171,4171,0.0
4172,4172,9.0
4173,4173,1.0
4174,4174,0.0
4175,4175,8.0
4176,4176,3.0
4177,4177,6.0
4178,4178,9.0
4179,4179,9.0
4180,4180,4.0
4181,4181,0.0
4182,4182,4.0
4183,4183,7.0
4184,4184,8.0
4185,4185,7.0
4186,4186,3.0
4187,4187,2.0
4188,4188,6.0
4189,4189,4.0
4190,4190,7.0
4191,4191,1.0
4192,4192,9.0
4193,4193,7.0
4194,4194,4.0
4195,4195,1.0
4196,4196,4.0
4197,4197,7.0
4198,4198,2.0
4199,4199,9.0
4200,4200,4.0
4201,4201,1.0
4202,4202,4.0
4203,4203,8.0
4204,4204,3.0
4205,4205,1.0
4206,4206,8.0
4207,4207,4.0
4208,4208,2.0
4209,4209,8.0
4210,4210,6.0
4211,4211,7.0
4212,4212,2.0
4213,4213,1.0
4214,4214,4.0
4215,4215,7.0
4216,4216,3.0
4217,4217,2.0
4218,4218,5.0
4219,4219,8.0
4220,4220,7.0
4221,4221,9.0
4222,4222,2.0
4223,4223,0.0
4224,4224,2.0
4225,4225,2.0
4226,4226,1.0
4227,4227,9.0
4228,4228,1.0
4229,4229,7.0
4230,4230,6.0
4231,4231,4.0
4232,4232,8.0
4233,4233,7.0
4234,4234,4.0
4235,4235,0.0
4236,4236,8.0
4237,4237,9.0
4238,4238,8.0
4239,4239,4.0
4240,4240,2.0
4241,4241,9.0
4242,4242,5.0
4243,4243,7.0
4244,4244,1.0
4245,4245,0.0
4246,4246,9.0
4247,4247,0.0
4248,4248,8.0
4249,4249,1.0
4250,4250,1.0
4251,4251,1.0
4252,4252,0.0
4253,4253,3.0
4254,4254,7.0
4255,4255,1.0
4256,4256,3.0
4257,4257,1.0
4258,4258,2.0
4259,4259,7.0
4260,4260,0.0
4261,4261,9.0
4262,4262,3.0
4263,4263,6.0
4264,4264,7.0
4265,4265,4.0
4266,4266,6.0
4267,4267,4.0
4268,4268,7.0
4269,4269,8.0
4270,4270,3.0
4271,4271,3.0
4272,4272,4.0
4273,4273,8.0
4274,4274,9.0
4275,4275,8.0
4276,4276,7.0
4277,4277,7.0
4278,4278,1.0
4279,4279,2.0
4280,4280,8.0
4281,4281,9.0
4282,4282,3.0
4283,4283,8.0
4284,4284,4.0
4285,4285,4.0
4286,4286,0.0
4287,4287,3.0
4288,4288,8.0
4289,4289,4.0
4290,4290,4.0
4291,4291,7.0
4292,4292,3.0
4293,4293,9.0
4294,4294,3.0
4295,4295,9.0
4296,4296,1.0
4297,4297,5.0
4298,4298,3.0
4299,4299,8.0
4300,4300,1.0
4301,4301,1.0
4302,4302,9.0
4303,4303,5.0
4304,4304,9.0
4305,4305,2.0
4306,4306,2.0
4307,4307,4.0
4308,4308,7.0
4309,4309,0.0
4310,4310,9.0
4311,4311,4.0
4312,4312,9.0
4313,4313,0.0
4314,4314,2.0
4315,4315,9.0
4316,4316,6.0
4317,4317,3.0
4318,4318,0.0
4319,4319,6.0
4320,4320,4.0
4321,4321,8.0
4322,4322,9.0
4323,4323,4.0
4324,4324,9.0
4325,4325,9.0
4326,4326,0.0
4327,4327,0.0
4328,4328,2.0
4329,4329,2.0
4330,4330,9.0
4331,4331,7.0
4332,4332,7.0
4333,4333,7.0
4334,4334,8.0
4335,4335,2.0
4336,4336,2.0
4337,4337,7.0
4338,4338,8.0
4339,4339,8.0
4340,4340,4.0
4341,4341,1.0
4342,4342,3.0
4343,4343,1.0
4344,4344,7.0
4345,4345,7.0
4346,4346,8.0
4347,4347,4.0
4348,4348,4.0
4349,4349,4.0
4350,4350,7.0
4351,4351,8.0
4352,4352,7.0
4353,4353,0.0
4354,4354,4.0
4355,4355,7.0
4356,4356,4.0
4357,4357,8.0
4358,4358,4.0
4359,4359,7.0
4360,4360,7.0
4361,4361,7.0
4362,4362,8.0
4363,4363,9.0
4364,4364,2.0
4365,4365,9.0
4366,4366,1.0
4367,4367,2.0
4368,4368,8.0
4369,4369,2.0
4370,4370,8.0
4371,4371,3.0
4372,4372,2.0
4373,4373,7.0
4374,4374,2.0
4375,4375,3.0
4376,4376,4.0
4377,4377,8.0
4378,4378,9.0
4379,4379,5.0
4380,4380,3.0
4381,4381,4.0
4382,4382,9.0
4383,4383,3.0
4384,4384,8.0
4385,4385,2.0
4386,4386,7.0
4387,4387,9.0
4388,4388,6.0
4389,4389,9.0
4390,4390,8.0
4391,4391,5.0
4392,4392,7.0
4393,4393,4.0
4394,4394,0.0
4395,4395,0.0
4396,4396,0.0
4397,4397,1.0
4398,4398,1.0
4399,4399,9.0
4400,4400,2.0
4401,4401,3.0
4402,4402,7.0
4403,4403,3.0
4404,4404,3.0
4405,4405,7.0
4406,4406,2.0
4407,4407,0.0
4408,4408,3.0
4409,4409,4.0
4410,4410,0.0
4411,4411,8.0
4412,4412,7.0
4413,4413,0.0
4414,4414,6.0
4415,4415,0.0
4416,4416,0.0
4417,4417,4.0
4418,4418,4.0
4419,4419,0.0
4420,4420,8.0
4421,4421,7.0
4422,4422,7.0
4423,4423,8.0
4424,4424,1.0
4425,4425,1.0
4426,4426,1.0
4427,4427,3.0
4428,4428,2.0
4429,4429,0.0
4430,4430,3.0
4431,4431,0.0
4432,4432,7.0
4433,4433,0.0
4434,4434,8.0
4435,4435,8.0
4436,4436,1.0
4437,4437,1.0
4438,4438,0.0
4439,4439,3.0
4440,4440,4.0
4441,4441,7.0
4442,4442,2.0
4443,4443,4.0
4444,4444,7.0
4445,4445,6.0
4446,4446,2.0
4447,4447,3.0
4448,4448,9.0
4449,4449,2.0
4450,4450,9.0
4451,4451,2.0
4452,4452,1.0
4453,4453,6.0
4454,4454,9.0
4455,4455,5.0
4456,4456,7.0
4457,4457,8.0
4458,4458,1.0
4459,4459,9.0
4460,4460,0.0
4461,4461,2.0
4462,4462,4.0
4463,4463,3.0
4464,4464,2.0
4465,4465,4.0
4466,4466,5.0
4467,4467,7.0
4468,4468,1.0
4469,4469,7.0
4470,4470,7.0
4471,4471,1.0
4472,4472,8.0
4473,4473,0.0
4474,4474,8.0
4475,4475,2.0
4476,4476,8.0
4477,4477,8.0
4478,4478,8.0
4479,4479,8.0
4480,4480,9.0
4481,4481,3.0
4482,4482,3.0
4483,4483,5.0
4484,4484,0.0
4485,4485,3.0
4486,4486,6.0
4487,4487,7.0
4488,4488,8.0
4489,4489,3.0
4490,4490,2.0
4491,4491,8.0
4492,4492,9.0
4493,4493,2.0
4494,4494,0.0
4495,4495,8.0
4496,4496,0.0
4497,4497,8.0
4498,4498,5.0
4499,4499,1.0
4500,4500,1.0
4501,4501,4.0
4502,4502,2.0
4503,4503,9.0
4504,4504,6.0
4505,4505,7.0
4506,4506,2.0
4507,4507,0.0
4508,4508,7.0
4509,4509,0.0
4510,4510,1.0
4511,4511,9.0
4512,4512,7.0
4513,4513,0.0
4514,4514,8.0
4515,4515,8.0
4516,4516,3.0
4517,4517,2.0
4518,4518,8.0
4519,4519,1.0
4520,4520,3.0
4521,4521,3.0
4522,4522,2.0
4523,4523,7.0
4524,4524,0.0
4525,4525,1.0
4526,4526,0.0
4527,4527,5.0
4528,4528,2.0
4529,4529,1.0
4530,4530,5.0
4531,4531,8.0
4532,4532,8.0
4533,4533,9.0
4534,4534,7.0
4535,4535,3.0
4536,4536,7.0
4537,4537,9.0
4538,4538,3.0
4539,4539,7.0
4540,4540,3.0
4541,4541,6.0
4542,4542,7.0
4543,4543,2.0
4544,4544,4.0
4545,4545,8.0
4546,4546,1.0
4547,4547,0.0
4548,4548,2.0
4549,4549,0.0
4550,4550,7.0
4551,4551,1.0
4552,4552,3.0
4553,4553,2.0
4554,4554,4.0
4555,4555,8.0
4556,4556,6.0
4557,4557,9.0
4558,4558,7.0
4559,4559,9.0
4560,4560,4.0
4561,4561,4.0
4562,4562,9.0
4563,4563,9.0
4564,4564,2.0
4565,4565,5.0
4566,4566,0.0
4567,4567,4.0
4568,4568,9.0
4569,4569,4.0
4570,4570,8.0
4571,4571,2.0
4572,4572,7.0
4573,4573,2.0
4574,4574,4.0
4575,4575,3.0
4576,4576,2.0
4577,4577,7.0
4578,4578,4.0
4579,4579,7.0
4580,4580,2.0
4581,4581,8.0
4582,4582,8.0
4583,4583,5.0
4584,4584,1.0
4585,4585,4.0
4586,4586,3.0
4587,4587,0.0
4588,4588,2.0
4589,4589,0.0
4590,4590,9.0
4591,4591,6.0
4592,4592,4.0
4593,4593,8.0
4594,4594,2.0
4595,4595,3.0
4596,4596,0.0
4597,4597,2.0
4598,4598,6.0
4599,4599,7.0
4600,4600,3.0
4601,4601,4.0
4602,4602,9.0
4603,4603,3.0
4604,4604,2.0
4605,4605,0.0
4606,4606,7.0
4607,4607,8.0
4608,4608,8.0
4609,4609,1.0
4610,4610,9.0
4611,4611,1.0
4612,4612,7.0
4613,4613,4.0
4614,4614,1.0
4615,4615,3.0
4616,4616,4.0
4617,4617,1.0
4618,4618,0.0
4619,4619,4.0
4620,4620,4.0
4621,4621,9.0
4622,4622,8.0
4623,4623,8.0
4624,4624,4.0
4625,4625,4.0
4626,4626,4.0
4627,4627,4.0
4628,4628,2.0
4629,4629,4.0
4630,4630,9.0
4631,4631,0.0
4632,4632,4.0
4633,4633,4.0
4634,4634,4.0
4635,4635,9.0
4636,4636,1.0
4637,4637,3.0
4638,4638,6.0
4639,4639,1.0
4640,4640,3.0
4641,4641,0.0
4642,4642,1.0
4643,4643,2.0
4644,4644,9.0
4645,4645,9.0
4646,4646,8.0
4647,4647,9.0
4648,4648,5.0
4649,4649,0.0
4650,4650,3.0
4651,4651,4.0
4652,4652,2.0
4653,4653,1.0
4654,4654,9.0
4655,4655,2.0
4656,4656,2.0
4657,4657,7.0
4658,4658,2.0
4659,4659,9.0
4660,4660,5.0
4661,4661,7.0
4662,4662,0.0
4663,4663,2.0
4664,4664,3.0
4665,4665,4.0
4666,4666,9.0
4667,4667,5.0
4668,4668,0.0
4669,4669,3.0
4670,4670,7.0
4671,4671,9.0
4672,4672,6.0
4673,4673,8.0
4674,4674,0.0
4675,4675,7.0
4676,4676,2.0
4677,4677,0.0
4678,4678,4.0
4679,4679,1.0
4680,4680,2.0
4681,4681,4.0
4682,4682,4.0
4683,4683,1.0
4684,4684,0.0
4685,4685,4.0
4686,4686,5.0
4687,4687,2.0
4688,4688,2.0
4689,4689,8.0
4690,4690,0.0
4691,4691,0.0
4692,4692,6.0
4693,4693,0.0
4694,4694,4.0
4695,4695,7.0
4696,4696,9.0
4697,4697,4.0
4698,4698,8.0
4699,4699,4.0
4700,4700,9.0
4701,4701,8.0
4702,4702,4.0
4703,4703,3.0
4704,4704,9.0
4705,4705,9.0
4706,4706,1.0
4707,4707,2.0
4708,4708,8.0
4709,4709,4.0
4710,4710,8.0
4711,4711,4.0
4712,4712,2.0
4713,4713,3.0
4714,4714,6.0
4715,4715,1.0
4716,4716,0.0
4717,4717,2.0
4718,4718,2.0
4719,4719,3.0
4720,4720,4.0
4721,4721,9.0
4722,4722,8.0
4723,4723,0.0
4724,4724,1.0
4725,4725,0.0
4726,4726,3.0
4727,4727,3.0
4728,4728,9.0
4729,4729,7.0
4730,4730,5.0
4731,4731,2.0
4732,4732,3.0
4733,4733,1.0
4734,4734,1.0
4735,4735,4.0
4736,4736,6.0
4737,4737,9.0
4738,4738,1.0
4739,4739,2.0
4740,4740,1.0
4741,4741,9.0
4742,4742,7.0
4743,4743,0.0
4744,4744,1.0
4745,4745,0.0
4746,4746,8.0
4747,4747,5.0
4748,4748,4.0
4749,4749,4.0
4750,4750,6.0
4751,4751,4.0
4752,4752,2.0
4753,4753,3.0
4754,4754,5.0
4755,4755,9.0
4756,4756,9.0
4757,4757,4.0
4758,4758,9.0
4759,4759,1.0
4760,4760,1.0
4761,4761,9.0
4762,4762,7.0
4763,4763,0.0
4764,4764,8.0
4765,4765,7.0
4766,4766,7.0
4767,4767,8.0
4768,4768,8.0
4769,4769,1.0
4770,4770,9.0
4771,4771,3.0
4772,4772,8.0
4773,4773,5.0
4774,4774,9.0
4775,4775,7.0
4776,4776,1.0
4777,4777,8.0
4778,4778,6.0
4779,4779,4.0
4780,4780,8.0
4781,4781,2.0
4782,4782,4.0
4783,4783,4.0
4784,4784,4.0
4785,4785,0.0
4786,4786,9.0
4787,4787,0.0
4788,4788,3.0
4789,4789,2.0
4790,4790,0.0
4791,4791,0.0
4792,4792,8.0
4793,4793,2.0
4794,4794,1.0
4795,4795,4.0
4796,4796,1.0
4797,4797,7.0
4798,4798,3.0
4799,4799,1.0
4800,4800,9.0
4801,4801,8.0
4802,4802,1.0
4803,4803,3.0
4804,4804,9.0
4805,4805,2.0
4806,4806,3.0
4807,4807,7.0
4808,4808,2.0
4809,4809,0.0
4810,4810,0.0
4811,4811,4.0
4812,4812,1.0
4813,4813,4.0
4814,4814,4.0
4815,4815,7.0
4816,4816,4.0
4817,4817,6.0
4818,4818,1.0
4819,4819,4.0
4820,4820,1.0
4821,4821,4.0
4822,4822,2.0
4823,4823,6.0
4824,4824,7.0
4825,4825,1.0
4826,4826,5.0
4827,4827,8.0
4828,4828,9.0
4829,4829,2.0
4830,4830,0.0
4831,4831,6.0
4832,4832,7.0
4833,4833,5.0
4834,4834,1.0
4835,4835,0.0
4836,4836,9.0
4837,4837,5.0
4838,4838,2.0
4839,4839,9.0
4840,4840,2.0
4841,4841,8.0
4842,4842,2.0
4843,4843,1.0
4844,4844,2.0
4845,4845,9.0
4846,4846,7.0
4847,4847,7.0
4848,4848,5.0
4849,4849,2.0
4850,4850,7.0
4851,4851,7.0
4852,4852,3.0
4853,4853,4.0
4854,4854,1.0
4855,4855,3.0
4856,4856,9.0
4857,4857,7.0
4858,4858,3.0
4859,4859,4.0
4860,4860,0.0
4861,4861,9.0
4862,4862,8.0
4863,4863,9.0
4864,4864,0.0
4865,4865,9.0
4866,4866,3.0
4867,4867,0.0
4868,4868,4.0
4869,4869,3.0
4870,4870,0.0
4871,4871,9.0
4872,4872,2.0
4873,4873,7.0
4874,4874,3.0
4875,4875,4.0
4876,4876,1.0
4877,4877,4.0
4878,4878,2.0
4879,4879,0.0
4880,4880,9.0
4881,4881,2.0
4882,4882,2.0
4883,4883,3.0
4884,4884,1.0
4885,4885,7.0
4886,4886,2.0
4887,4887,6.0
4888,4888,7.0
4889,4889,9.0
4890,4890,3.0
4891,4891,9.0
4892,4892,4.0
4893,4893,2.0
4894,4894,1.0
4895,4895,0.0
4896,4896,8.0
4897,4897,8.0
4898,4898,9.0
4899,4899,0.0
4900,4900,2.0
4901,4901,0.0
4902,4902,3.0
4903,4903,0.0
4904,4904,5.0
4905,4905,1.0
4906,4906,0.0
4907,4907,8.0
4908,4908,6.0
4909,4909,2.0
4910,4910,1.0
4911,4911,2.0
4912,4912,4.0
4913,4913,7.0
4914,4914,5.0
4915,4915,8.0
4916,4916,2.0
4917,4917,2.0
4918,4918,1.0
4919,4919,2.0
4920,4920,4.0
4921,4921,0.0
4922,4922,8.0
4923,4923,8.0
4924,4924,1.0
4925,4925,2.0
4926,4926,6.0
4927,4927,9.0
4928,4928,3.0
4929,4929,8.0
4930,4930,0.0
4931,4931,4.0
4932,4932,4.0
4933,4933,8.0
4934,4934,7.0
4935,4935,9.0
4936,4936,7.0
4937,4937,4.0
4938,4938,1.0
4939,4939,6.0
4940,4940,7.0
4941,4941,2.0
4942,4942,3.0
4943,4943,7.0
4944,4944,4.0
4945,4945,2.0
4946,4946,0.0
4947,4947,2.0
4948,4948,0.0
4949,4949,3.0
4950,4950,8.0
4951,4951,1.0
4952,4952,3.0
4953,4953,9.0
4954,4954,7.0
4955,4955,8.0
4956,4956,7.0
4957,4957,8.0
4958,4958,9.0
4959,4959,0.0
4960,4960,4.0
4961,4961,4.0
4962,4962,8.0
4963,4963,1.0
4964,4964,7.0
4965,4965,4.0
4966,4966,7.0
4967,4967,8.0
4968,4968,1.0
4969,4969,7.0
4970,4970,8.0
4971,4971,2.0
4972,4972,9.0
4973,4973,8.0
4974,4974,5.0
4975,4975,5.0
4976,4976,3.0
4977,4977,8.0
4978,4978,7.0
4979,4979,2.0
4980,4980,4.0
4981,4981,4.0
4982,4982,7.0
4983,4983,0.0
4984,4984,8.0
4985,4985,0.0
4986,4986,1.0
4987,4987,8.0
4988,4988,1.0
4989,4989,6.0
4990,4990,7.0
4991,4991,4.0
4992,4992,1.0
4993,4993,7.0
4994,4994,2.0
4995,4995,0.0
4996,4996,9.0
4997,4997,9.0
4998,4998,7.0
4999,4999,5.0
5000,5000,4.0
5001,5001,4.0
5002,5002,2.0
5003,5003,8.0
5004,5004,3.0
5005,5005,2.0
5006,5006,9.0
5007,5007,4.0
5008,5008,4.0
5009,5009,8.0
5010,5010,5.0
5011,5011,9.0
5012,5012,3.0
5013,5013,9.0
5014,5014,0.0
5015,5015,4.0
5016,5016,7.0
5017,5017,7.0
5018,5018,4.0
5019,5019,5.0
5020,5020,2.0
5021,5021,3.0
5022,5022,6.0
5023,5023,4.0
5024,5024,9.0
5025,5025,2.0
5026,5026,2.0
5027,5027,3.0
5028,5028,4.0
5029,5029,8.0
5030,5030,4.0
5031,5031,1.0
5032,5032,2.0
5033,5033,0.0
5034,5034,1.0
5035,5035,4.0
5036,5036,8.0
5037,5037,2.0
5038,5038,7.0
5039,5039,2.0
5040,5040,8.0
5041,5041,2.0
5042,5042,8.0
5043,5043,9.0
5044,5044,8.0
5045,5045,1.0
5046,5046,9.0
5047,5047,4.0
5048,5048,8.0
5049,5049,0.0
5050,5050,0.0
5051,5051,3.0
5052,5052,8.0
5053,5053,2.0
5054,5054,7.0
5055,5055,7.0
5056,5056,3.0
5057,5057,9.0
5058,5058,7.0
5059,5059,2.0
5060,5060,6.0
5061,5061,7.0
5062,5062,7.0
5063,5063,1.0
5064,5064,9.0
5065,5065,3.0
5066,5066,0.0
5067,5067,0.0
5068,5068,3.0
5069,5069,9.0
5070,5070,7.0
5071,5071,0.0
5072,5072,8.0
5073,5073,9.0
5074,5074,1.0
5075,5075,0.0
5076,5076,2.0
5077,5077,7.0
5078,5078,9.0
5079,5079,3.0
5080,5080,3.0
5081,5081,8.0
5082,5082,8.0
5083,5083,0.0
5084,5084,0.0
5085,5085,2.0
5086,5086,8.0
5087,5087,8.0
5088,5088,3.0
5089,5089,1.0
5090,5090,8.0
5091,5091,4.0
5092,5092,0.0
5093,5093,9.0
5094,5094,4.0
5095,5095,9.0
5096,5096,1.0
5097,5097,5.0
5098,5098,5.0
5099,5099,7.0
5100,5100,9.0
5101,5101,5.0
5102,5102,2.0
5103,5103,9.0
5104,5104,4.0
5105,5105,6.0
5106,5106,0.0
5107,5107,9.0
5108,5108,1.0
5109,5109,3.0
5110,5110,0.0
5111,5111,3.0
5112,5112,2.0
5113,5113,7.0
5114,5114,9.0
5115,5115,7.0
5116,5116,2.0
5117,5117,9.0
5118,5118,3.0
5119,5119,8.0
5120,5120,3.0
5121,5121,5.0
5122,5122,1.0
5123,5123,4.0
5124,5124,1.0
5125,5125,4.0
5126,5126,7.0
5127,5127,0.0
5128,5128,4.0
5129,5129,1.0
5130,5130,7.0
5131,5131,2.0
5132,5132,2.0
5133,5133,8.0
5134,5134,3.0
5135,5135,4.0
5136,5136,1.0
5137,5137,7.0
5138,5138,8.0
5139,5139,7.0
5140,5140,0.0
5141,5141,3.0
5142,5142,8.0
5143,5143,2.0
5144,5144,3.0
5145,5145,1.0
5146,5146,8.0
5147,5147,1.0
5148,5148,9.0
5149,5149,0.0
5150,5150,4.0
5151,5151,5.0
5152,5152,2.0
5153,5153,3.0
5154,5154,1.0
5155,5155,3.0
5156,5156,8.0
5157,5157,8.0
5158,5158,0.0
5159,5159,7.0
5160,5160,0.0
5161,5161,8.0
5162,5162,9.0
5163,5163,2.0
5164,5164,8.0
5165,5165,3.0
5166,5166,1.0
5167,5167,2.0
5168,5168,2.0
5169,5169,1.0
5170,5170,9.0
5171,5171,3.0
5172,5172,0.0
5173,5173,1.0
5174,5174,8.0
5175,5175,9.0
5176,5176,7.0
5177,5177,8.0
5178,5178,0.0
5179,5179,8.0
5180,5180,7.0
5181,5181,7.0
5182,5182,1.0
5183,5183,8.0
5184,5184,1.0
5185,5185,9.0
5186,5186,4.0
5187,5187,4.0
5188,5188,7.0
5189,5189,1.0
5190,5190,3.0
5191,5191,6.0
5192,5192,2.0
5193,5193,1.0
5194,5194,9.0
5195,5195,1.0
5196,5196,1.0
5197,5197,3.0
5198,5198,7.0
5199,5199,8.0
5200,5200,1.0
5201,5201,3.0
5202,5202,5.0
5203,5203,4.0
5204,5204,3.0
5205,5205,5.0
5206,5206,8.0
5207,5207,3.0
5208,5208,3.0
5209,5209,8.0
5210,5210,4.0
5211,5211,4.0
5212,5212,9.0
5213,5213,9.0
5214,5214,9.0
5215,5215,2.0
5216,5216,2.0
5217,5217,2.0
5218,5218,2.0
5219,5219,9.0
5220,5220,7.0
5221,5221,6.0
5222,5222,4.0
5223,5223,0.0
5224,5224,6.0
5225,5225,7.0
5226,5226,7.0
5227,5227,0.0
5228,5228,4.0
5229,5229,1.0
5230,5230,8.0
5231,5231,2.0
5232,5232,0.0
5233,5233,0.0
5234,5234,0.0
5235,5235,1.0
5236,5236,1.0
5237,5237,1.0
5238,5238,6.0
5239,5239,4.0
5240,5240,3.0
5241,5241,7.0
5242,5242,8.0
5243,5243,4.0
5244,5244,1.0
5245,5245,9.0
5246,5246,8.0
5247,5247,7.0
5248,5248,3.0
5249,5249,3.0
5250,5250,9.0
5251,5251,9.0
5252,5252,3.0
5253,5253,8.0
5254,5254,7.0
5255,5255,1.0
5256,5256,7.0
5257,5257,7.0
5258,5258,4.0
5259,5259,4.0
5260,5260,2.0
5261,5261,1.0
5262,5262,7.0
5263,5263,0.0
5264,5264,3.0
5265,5265,7.0
5266,5266,5.0
5267,5267,9.0
5268,5268,4.0
5269,5269,8.0
5270,5270,9.0
5271,5271,0.0
5272,5272,9.0
5273,5273,7.0
5274,5274,8.0
5275,5275,8.0
5276,5276,9.0
5277,5277,3.0
5278,5278,0.0
5279,5279,7.0
5280,5280,3.0
5281,5281,7.0
5282,5282,9.0
5283,5283,3.0
5284,5284,1.0
5285,5285,9.0
5286,5286,1.0
5287,5287,2.0
5288,5288,2.0
5289,5289,2.0
5290,5290,3.0
5291,5291,8.0
5292,5292,7.0
5293,5293,4.0
5294,5294,1.0
5295,5295,8.0
5296,5296,8.0
5297,5297,8.0
5298,5298,2.0
5299,5299,8.0
5300,5300,9.0
5301,5301,8.0
5302,5302,4.0
5303,5303,4.0
5304,5304,4.0
5305,5305,2.0
5306,5306,5.0
5307,5307,3.0
5308,5308,6.0
5309,5309,7.0
5310,5310,9.0
5311,5311,4.0
5312,5312,9.0
5313,5313,5.0
5314,5314,9.0
5315,5315,4.0
5316,5316,1.0
5317,5317,9.0
5318,5318,3.0
5319,5319,2.0
5320,5320,3.0
5321,5321,0.0
5322,5322,2.0
5323,5323,3.0
5324,5324,2.0
5325,5325,7.0
5326,5326,8.0
5327,5327,2.0
5328,5328,3.0
5329,5329,4.0
5330,5330,6.0
5331,5331,2.0
5332,5332,8.0
5333,5333,1.0
5334,5334,7.0
5335,5335,7.0
5336,5336,9.0
5337,5337,4.0
5338,5338,3.0
5339,5339,3.0
5340,5340,7.0
5341,5341,9.0
5342,5342,4.0
5343,5343,0.0
5344,5344,2.0
5345,5345,4.0
5346,5346,2.0
5347,5347,1.0
5348,5348,4.0
5349,5349,4.0
5350,5350,3.0
5351,5351,3.0
5352,5352,2.0
5353,5353,9.0
5354,5354,8.0
5355,5355,7.0
5356,5356,5.0
5357,5357,1.0
5358,5358,4.0
5359,5359,9.0
5360,5360,0.0
5361,5361,1.0
5362,5362,1.0
5363,5363,8.0
5364,5364,8.0
5365,5365,7.0
5366,5366,3.0
5367,5367,7.0
5368,5368,3.0
5369,5369,9.0
5370,5370,7.0
5371,5371,7.0
5372,5372,9.0
5373,5373,5.0
5374,5374,4.0
5375,5375,8.0
5376,5376,3.0
5377,5377,4.0
5378,5378,7.0
5379,5379,8.0
5380,5380,8.0
5381,5381,4.0
5382,5382,9.0
5383,5383,4.0
5384,5384,2.0
5385,5385,9.0
5386,5386,5.0
5387,5387,7.0
5388,5388,1.0
5389,5389,3.0
5390,5390,8.0
5391,5391,3.0
5392,5392,8.0
5393,5393,8.0
5394,5394,6.0
5395,5395,6.0
5396,5396,0.0
5397,5397,3.0
5398,5398,6.0
5399,5399,4.0
5400,5400,8.0
5401,5401,6.0
5402,5402,7.0
5403,5403,9.0
5404,5404,7.0
5405,5405,8.0
5406,5406,3.0
5407,5407,3.0
5408,5408,3.0
5409,5409,8.0
5410,5410,1.0
5411,5411,0.0
5412,5412,8.0
5413,5413,2.0
5414,5414,0.0
5415,5415,6.0
5416,5416,1.0
5417,5417,9.0
5418,5418,8.0
5419,5419,0.0
5420,5420,7.0
5421,5421,9.0
5422,5422,3.0
5423,5423,0.0
5424,5424,1.0
5425,5425,0.0
5426,5426,6.0
5427,5427,3.0
5428,5428,2.0
5429,5429,5.0
5430,5430,2.0
5431,5431,8.0
5432,5432,9.0
5433,5433,1.0
5434,5434,3.0
5435,5435,6.0
5436,5436,0.0
5437,5437,1.0
5438,5438,3.0
5439,5439,4.0
5440,5440,6.0
5441,5441,2.0
5442,5442,0.0
5443,5443,9.0
5444,5444,0.0
5445,5445,4.0
5446,5446,0.0
5447,5447,3.0
5448,5448,4.0
5449,5449,9.0
5450,5450,9.0
5451,5451,1.0
5452,5452,3.0
5453,5453,7.0
5454,5454,0.0
5455,5455,4.0
5456,5456,2.0
5457,5457,1.0
5458,5458,1.0
5459,5459,8.0
5460,5460,8.0
5461,5461,1.0
5462,5462,3.0
5463,5463,2.0
5464,5464,7.0
5465,5465,2.0
5466,5466,9.0
5467,5467,9.0
5468,5468,7.0
5469,5469,2.0
5470,5470,9.0
5471,5471,3.0
5472,5472,1.0
5473,5473,2.0
5474,5474,4.0
5475,5475,7.0
5476,5476,8.0
5477,5477,0.0
5478,5478,2.0
5479,5479,8.0
5480,5480,1.0
5481,5481,7.0
5482,5482,3.0
5483,5483,1.0
5484,5484,8.0
5485,5485,5.0
5486,5486,0.0
5487,5487,8.0
5488,5488,9.0
5489,5489,8.0
5490,5490,3.0
5491,5491,7.0
5492,5492,9.0
5493,5493,2.0
5494,5494,7.0
5495,5495,0.0
5496,5496,8.0
5497,5497,9.0
5498,5498,8.0
5499,5499,3.0
5500,5500,2.0
5501,5501,2.0
5502,5502,0.0
5503,5503,9.0
5504,5504,2.0
5505,5505,3.0
5506,5506,7.0
5507,5507,7.0
5508,5508,5.0
5509,5509,4.0
5510,5510,3.0
5511,5511,8.0
5512,5512,5.0
5513,5513,5.0
5514,5514,2.0
5515,5515,2.0
5516,5516,0.0
5517,5517,3.0
5518,5518,1.0
5519,5519,4.0
5520,5520,7.0
5521,5521,7.0
5522,5522,1.0
5523,5523,4.0
5524,5524,3.0
5525,5525,5.0
5526,5526,3.0
5527,5527,3.0
5528,5528,3.0
5529,5529,7.0
5530,5530,4.0
5531,5531,8.0
5532,5532,0.0
5533,5533,1.0
5534,5534,8.0
5535,5535,6.0
5536,5536,3.0
5537,5537,1.0
5538,5538,8.0
5539,5539,4.0
5540,5540,4.0
5541,5541,7.0
5542,5542,3.0
5543,5543,0.0
5544,5544,4.0
5545,5545,3.0
5546,5546,1.0
5547,5547,2.0
5548,5548,0.0
5549,5549,7.0
5550,5550,5.0
5551,5551,9.0
5552,5552,9.0
5553,5553,9.0
5554,5554,4.0
5555,5555,0.0
5556,5556,8.0
5557,5557,8.0
5558,5558,2.0
5559,5559,6.0
5560,5560,5.0
5561,5561,0.0
5562,5562,2.0
5563,5563,9.0
5564,5564,9.0
5565,5565,9.0
5566,5566,3.0
5567,5567,2.0
5568,5568,2.0
5569,5569,7.0
5570,5570,4.0
5571,5571,3.0
5572,5572,1.0
5573,5573,7.0
5574,5574,8.0
5575,5575,2.0
5576,5576,5.0
5577,5577,3.0
5578,5578,2.0
5579,5579,9.0
5580,5580,2.0
5581,5581,8.0
5582,5582,7.0
5583,5583,8.0
5584,5584,2.0
5585,5585,4.0
5586,5586,9.0
5587,5587,2.0
5588,5588,2.0
5589,5589,7.0
5590,5590,4.0
5591,5591,9.0
5592,5592,3.0
5593,5593,1.0
5594,5594,4.0
5595,5595,1.0
5596,5596,1.0
5597,5597,1.0
5598,5598,3.0
5599,5599,4.0
5600,5600,8.0
5601,5601,6.0
5602,5602,8.0
5603,5603,2.0
5604,5604,2.0
5605,5605,0.0
5606,5606,7.0
5607,5607,1.0
5608,5608,8.0
5609,5609,8.0
5610,5610,7.0
5611,5611,3.0
5612,5612,4.0
5613,5613,7.0
5614,5614,7.0
5615,5615,2.0
5616,5616,8.0
5617,5617,7.0
5618,5618,0.0
5619,5619,7.0
5620,5620,3.0
5621,5621,6.0
5622,5622,1.0
5623,5623,7.0
5624,5624,4.0
5625,5625,7.0
5626,5626,5.0
5627,5627,0.0
5628,5628,9.0
5629,5629,1.0
5630,5630,8.0
5631,5631,7.0
5632,5632,9.0
5633,5633,0.0
5634,5634,7.0
5635,5635,7.0
5636,5636,1.0
5637,5637,4.0
5638,5638,7.0
5639,5639,2.0
5640,5640,0.0
5641,5641,2.0
5642,5642,6.0
5643,5643,3.0
5644,5644,4.0
5645,5645,4.0
5646,5646,4.0
5647,5647,9.0
5648,5648,8.0
5649,5649,4.0
5650,5650,4.0
5651,5651,7.0
5652,5652,7.0
5653,5653,8.0
5654,5654,1.0
5655,5655,7.0
5656,5656,2.0
5657,5657,3.0
5658,5658,8.0
5659,5659,1.0
5660,5660,4.0
5661,5661,1.0
5662,5662,6.0
5663,5663,2.0
5664,5664,2.0
5665,5665,9.0
5666,5666,2.0
5667,5667,9.0
5668,5668,0.0
5669,5669,4.0
5670,5670,6.0
5671,5671,2.0
5672,5672,9.0
5673,5673,4.0
5674,5674,9.0
5675,5675,3.0
5676,5676,4.0
5677,5677,0.0
5678,5678,3.0
5679,5679,2.0
5680,5680,3.0
5681,5681,8.0
5682,5682,0.0
5683,5683,0.0
5684,5684,1.0
5685,5685,1.0
5686,5686,7.0
5687,5687,8.0
5688,5688,0.0
5689,5689,6.0
5690,5690,8.0
5691,5691,9.0
5692,5692,9.0
5693,5693,1.0
5694,5694,4.0
5695,5695,0.0
5696,5696,1.0
5697,5697,2.0
5698,5698,1.0
5699,5699,4.0
5700,5700,8.0
5701,5701,7.0
5702,5702,4.0
5703,5703,3.0
5704,5704,2.0
5705,5705,0.0
5706,5706,0.0
5707,5707,2.0
5708,5708,0.0
5709,5709,3.0
5710,5710,4.0
5711,5711,1.0
5712,5712,1.0
5713,5713,0.0
5714,5714,8.0
5715,5715,9.0
5716,5716,4.0
5717,5717,9.0
5718,5718,0.0
5719,5719,9.0
5720,5720,4.0
5721,5721,5.0
5722,5722,6.0
5723,5723,7.0
5724,5724,8.0
5725,5725,3.0
5726,5726,7.0
5727,5727,2.0
5728,5728,4.0
5729,5729,1.0
5730,5730,2.0
5731,5731,7.0
5732,5732,8.0
5733,5733,9.0
5734,5734,3.0
5735,5735,0.0
5736,5736,7.0
5737,5737,5.0
5738,5738,6.0
5739,5739,5.0
5740,5740,9.0
5741,5741,5.0
5742,5742,7.0
5743,5743,2.0
5744,5744,3.0
5745,5745,9.0
5746,5746,9.0
5747,5747,4.0
5748,5748,8.0
5749,5749,1.0
5750,5750,2.0
5751,5751,8.0
5752,5752,2.0
5753,5753,6.0
5754,5754,2.0
5755,5755,4.0
5756,5756,3.0
5757,5757,4.0
5758,5758,0.0
5759,5759,4.0
5760,5760,0.0
5761,5761,3.0
5762,5762,7.0
5763,5763,9.0
5764,5764,8.0
5765,5765,8.0
5766,5766,7.0
5767,5767,1.0
5768,5768,8.0
5769,5769,9.0
5770,5770,1.0
5771,5771,3.0
5772,5772,2.0
5773,5773,4.0
5774,5774,2.0
5775,5775,4.0
5776,5776,8.0
5777,5777,4.0
5778,5778,7.0
5779,5779,8.0
5780,5780,7.0
5781,5781,2.0
5782,5782,9.0
5783,5783,8.0
5784,5784,8.0
5785,5785,0.0
5786,5786,9.0
5787,5787,9.0
5788,5788,4.0
5789,5789,7.0
5790,5790,1.0
5791,5791,3.0
5792,5792,4.0
5793,5793,2.0
5794,5794,9.0
5795,5795,8.0
5796,5796,2.0
5797,5797,1.0
5798,5798,9.0
5799,5799,1.0
5800,5800,2.0
5801,5801,7.0
5802,5802,1.0
5803,5803,5.0
5804,5804,2.0
5805,5805,7.0
5806,5806,7.0
5807,5807,9.0
5808,5808,7.0
5809,5809,8.0
5810,5810,3.0
5811,5811,0.0
5812,5812,6.0
5813,5813,9.0
5814,5814,0.0
5815,5815,6.0
5816,5816,1.0
5817,5817,6.0
5818,5818,9.0
5819,5819,2.0
5820,5820,3.0
5821,5821,4.0
5822,5822,0.0
5823,5823,2.0
5824,5824,0.0
5825,5825,1.0
5826,5826,1.0
5827,5827,2.0
5828,5828,8.0
5829,5829,4.0
5830,5830,4.0
5831,5831,3.0
5832,5832,8.0
5833,5833,0.0
5834,5834,4.0
5835,5835,6.0
5836,5836,8.0
5837,5837,5.0
5838,5838,9.0
5839,5839,4.0
5840,5840,5.0
5841,5841,9.0
5842,5842,4.0
5843,5843,7.0
5844,5844,1.0
5845,5845,4.0
5846,5846,2.0
5847,5847,4.0
5848,5848,0.0
5849,5849,9.0
5850,5850,9.0
5851,5851,4.0
5852,5852,5.0
5853,5853,8.0
5854,5854,9.0
5855,5855,1.0
5856,5856,5.0
5857,5857,3.0
5858,5858,2.0
5859,5859,7.0
5860,5860,2.0
5861,5861,3.0
5862,5862,3.0
5863,5863,3.0
5864,5864,8.0
5865,5865,7.0
5866,5866,7.0
5867,5867,9.0
5868,5868,3.0
5869,5869,3.0
5870,5870,8.0
5871,5871,6.0
5872,5872,4.0
5873,5873,8.0
5874,5874,2.0
5875,5875,4.0
5876,5876,7.0
5877,5877,6.0
5878,5878,7.0
5879,5879,9.0
5880,5880,3.0
5881,5881,9.0
5882,5882,4.0
5883,5883,0.0
5884,5884,5.0
5885,5885,1.0
5886,5886,3.0
5887,5887,7.0
5888,5888,9.0
5889,5889,3.0
5890,5890,3.0
5891,5891,7.0
5892,5892,8.0
5893,5893,1.0
5894,5894,0.0
5895,5895,9.0
5896,5896,9.0
5897,5897,8.0
5898,5898,8.0
5899,5899,1.0
5900,5900,7.0
5901,5901,2.0
5902,5902,7.0
5903,5903,4.0
5904,5904,1.0
5905,5905,9.0
5906,5906,7.0
5907,5907,1.0
5908,5908,3.0
5909,5909,2.0
5910,5910,8.0
5911,5911,0.0
5912,5912,8.0
5913,5913,0.0
5914,5914,7.0
5915,5915,1.0
5916,5916,7.0
5917,5917,8.0
5918,5918,1.0
5919,5919,3.0
5920,5920,6.0
5921,5921,8.0
5922,5922,0.0
5923,5923,7.0
5924,5924,9.0
5925,5925,0.0
5926,5926,8.0
5927,5927,7.0
5928,5928,8.0
5929,5929,0.0
5930,5930,9.0
5931,5931,6.0
5932,5932,7.0
5933,5933,9.0
5934,5934,9.0
5935,5935,0.0
5936,5936,2.0
5937,5937,1.0
5938,5938,9.0
5939,5939,9.0
5940,5940,3.0
5941,5941,6.0
5942,5942,4.0
5943,5943,2.0
5944,5944,1.0
5945,5945,5.0
5946,5946,2.0
5947,5947,1.0
5948,5948,8.0
5949,5949,3.0
5950,5950,4.0
5951,5951,7.0
5952,5952,1.0
5953,5953,3.0
5954,5954,5.0
5955,5955,8.0
5956,5956,2.0
5957,5957,8.0
5958,5958,3.0
5959,5959,8.0
5960,5960,3.0
5961,5961,6.0
5962,5962,7.0
5963,5963,2.0
5964,5964,0.0
5965,5965,3.0
5966,5966,7.0
5967,5967,0.0
5968,5968,4.0
5969,5969,9.0
5970,5970,4.0
5971,5971,0.0
5972,5972,0.0
5973,5973,2.0
5974,5974,0.0
5975,5975,9.0
5976,5976,8.0
5977,5977,8.0
5978,5978,8.0
5979,5979,4.0
5980,5980,0.0
5981,5981,5.0
5982,5982,2.0
5983,5983,4.0
5984,5984,1.0
5985,5985,1.0
5986,5986,1.0
5987,5987,9.0
5988,5988,2.0
5989,5989,8.0
5990,5990,2.0
5991,5991,1.0
5992,5992,9.0
5993,5993,2.0
5994,5994,9.0
5995,5995,7.0
5996,5996,1.0
5997,5997,3.0
5998,5998,5.0
5999,5999,9.0
